Subject, Session, Module, Status, Progress, User, Workstation, Date, Processing.time, Processing, Version
HC030,1, post_structural, COMPLETED, 25/25, jroyer, peto.bic.mni.mcgill.ca, Thu Jun 24 14:43:22 EDT 2021,98.383, qsub-MICA, v0.0.2 'wobbly'
HC009,1, post_structural, COMPLETED, 25/25, jroyer, emilia.bic.mni.mcgill.ca, Thu Jun 24 14:46:05 EDT 2021,101.183, qsub-MICA, v0.0.2 'wobbly'
HC015,1, post_structural, COMPLETED, 25/25, jroyer, peto.bic.mni.mcgill.ca, Thu Jun 24 14:54:12 EDT 2021,109.2, qsub-MICA, v0.0.2 'wobbly'
HC012,1, post_structural, COMPLETED, 25/25, jroyer, montano.bic.mni.mcgill.ca, Thu Jun 24 14:56:25 EDT 2021,109.55, qsub-MICA, v0.0.2 'wobbly'
HC020,1, post_structural, COMPLETED, 25/25, jroyer, yeatman.bic.mni.mcgill.ca, Thu Jun 24 14:56:35 EDT 2021,111.683, qsub-MICA, v0.0.2 'wobbly'
HC027,1, post_structural, COMPLETED, 25/25, jroyer, percy.bic.mni.mcgill.ca, Thu Jun 24 15:01:28 EDT 2021,116.583, qsub-MICA, v0.0.2 'wobbly'
HC006,1, post_structural, COMPLETED, 25/25, jroyer, peto.bic.mni.mcgill.ca, Thu Jun 24 15:06:28 EDT 2021,121.483, qsub-MICA, v0.0.2 'wobbly'
HC005,1, post_structural, COMPLETED, 25/25, jroyer, paris.bic.mni.mcgill.ca, Thu Jun 24 15:07:09 EDT 2021,122.233, qsub-MICA, v0.0.2 'wobbly'
HC011,1, post_structural, COMPLETED, 25/25, jroyer, yeatman.bic.mni.mcgill.ca, Thu Jun 24 15:08:55 EDT 2021,124, qsub-MICA, v0.0.2 'wobbly'
HC013,1, post_structural, COMPLETED, 25/25, jroyer, varro.bic.mni.mcgill.ca, Thu Jun 24 15:09:10 EDT 2021,124.133, qsub-MICA, v0.0.2 'wobbly'
HC018,1, post_structural, COMPLETED, 25/25, jroyer, percy.bic.mni.mcgill.ca, Thu Jun 24 15:09:47 EDT 2021,124.9, qsub-MICA, v0.0.2 'wobbly'
HC007,1, post_structural, COMPLETED, 25/25, jroyer, venice.bic.mni.mcgill.ca, Thu Jun 24 15:11:37 EDT 2021,126.617, qsub-MICA, v0.0.2 'wobbly'
HC008,1, post_structural, COMPLETED, 25/25, jroyer, oncilla.bic.mni.mcgill.ca, Thu Jun 24 15:12:20 EDT 2021,127.3, qsub-MICA, v0.0.2 'wobbly'
HC010,1, post_structural, COMPLETED, 25/25, jroyer, percy.bic.mni.mcgill.ca, Thu Jun 24 15:14:59 EDT 2021,130.1, qsub-MICA, v0.0.2 'wobbly'
HC031,1, post_structural, COMPLETED, 25/25, jroyer, percy.bic.mni.mcgill.ca, Thu Jun 24 15:16:45 EDT 2021,131.867, qsub-MICA, v0.0.2 'wobbly'
HC017,1, post_structural, COMPLETED, 25/25, jroyer, oncilla.bic.mni.mcgill.ca, Thu Jun 24 15:17:13 EDT 2021,132.183, qsub-MICA, v0.0.2 'wobbly'
HC028,1, post_structural, COMPLETED, 25/25, jroyer, venice.bic.mni.mcgill.ca, Thu Jun 24 15:17:18 EDT 2021,132.283, qsub-MICA, v0.0.2 'wobbly'
HC019,1, post_structural, COMPLETED, 25/25, jroyer, valentine.bic.mni.mcgill.ca, Thu Jun 24 15:19:17 EDT 2021,134.3, qsub-MICA, v0.0.2 'wobbly'
HC025,1, post_structural, COMPLETED, 25/25, jroyer, varrius.bic.mni.mcgill.ca, Thu Jun 24 15:22:10 EDT 2021,137.167, qsub-MICA, v0.0.2 'wobbly'
HC016,1, post_structural, COMPLETED, 25/25, jroyer, paris.bic.mni.mcgill.ca, Thu Jun 24 15:22:40 EDT 2021,137.733, qsub-MICA, v0.0.2 'wobbly'
HC034,1, post_structural, COMPLETED, 25/25, jroyer, fladgate.bic.mni.mcgill.ca, Thu Jun 24 15:24:25 EDT 2021,111.467, qsub-MICA, v0.0.2 'wobbly'
HC026,1, post_structural, COMPLETED, 25/25, jroyer, peto.bic.mni.mcgill.ca, Thu Jun 24 15:28:59 EDT 2021,144, qsub-MICA, v0.0.2 'wobbly'
HC014,1, post_structural, COMPLETED, 25/25, jroyer, varrius.bic.mni.mcgill.ca, Thu Jun 24 15:36:53 EDT 2021,151.883, qsub-MICA, v0.0.2 'wobbly'
HC032,1, post_structural, COMPLETED, 25/25, jroyer, valentine.bic.mni.mcgill.ca, Thu Jun 24 15:38:02 EDT 2021,153.05, qsub-MICA, v0.0.2 'wobbly'
HC024,1, post_structural, COMPLETED, 25/25, jroyer, varro.bic.mni.mcgill.ca, Thu Jun 24 15:39:31 EDT 2021,154.483, qsub-MICA, v0.0.2 'wobbly'
HC036,1, post_structural, COMPLETED, 25/25, jroyer, emilia.bic.mni.mcgill.ca, Thu Jun 24 16:41:02 EDT 2021,114.633, qsub-MICA, v0.0.2 'wobbly'
HC039,1, post_structural, COMPLETED, 25/25, jroyer, montano.bic.mni.mcgill.ca, Thu Jun 24 16:44:18 EDT 2021,107.567, qsub-MICA, v0.0.2 'wobbly'
HC035,1, post_structural, COMPLETED, 25/25, jroyer, peto.bic.mni.mcgill.ca, Thu Jun 24 16:43:20 EDT 2021,119.7, qsub-MICA, v0.0.2 'wobbly'
HC037,1, post_structural, COMPLETED, 25/25, jroyer, peto.bic.mni.mcgill.ca, Thu Jun 24 16:45:42 EDT 2021,111.317, qsub-MICA, v0.0.2 'wobbly'
HC045,1, post_structural, COMPLETED, 25/25, jroyer, percy.bic.mni.mcgill.ca, Thu Jun 24 16:56:13 EDT 2021,106.333, qsub-MICA, v0.0.2 'wobbly'
HC043,1, post_structural, COMPLETED, 25/25, jroyer, varro.bic.mni.mcgill.ca, Thu Jun 24 17:04:27 EDT 2021,115.067, qsub-MICA, v0.0.2 'wobbly'
HC051,1, post_structural, COMPLETED, 25/25, jroyer, oncilla.bic.mni.mcgill.ca, Thu Jun 24 17:05:03 EDT 2021,107.65, qsub-MICA, v0.0.2 'wobbly'
HC042,1, post_structural, COMPLETED, 25/25, jroyer, paris.bic.mni.mcgill.ca, Thu Jun 24 17:07:42 EDT 2021,120.3, qsub-MICA, v0.0.2 'wobbly'
HC061,1, post_structural, COMPLETED, 25/25, jroyer, fladgate.bic.mni.mcgill.ca, Thu Jun 24 17:07:45 EDT 2021,96.85, qsub-MICA, v0.0.2 'wobbly'
HC041,1, post_structural, COMPLETED, 25/25, jroyer, peto.bic.mni.mcgill.ca, Thu Jun 24 17:10:56 EDT 2021,124.317, qsub-MICA, v0.0.2 'wobbly'
HC060,1, post_structural, COMPLETED, 25/25, jroyer, peto.bic.mni.mcgill.ca, Thu Jun 24 17:15:32 EDT 2021,106.4, qsub-MICA, v0.0.2 'wobbly'
HC050,1, post_structural, COMPLETED, 25/25, jroyer, percy.bic.mni.mcgill.ca, Thu Jun 24 17:15:36 EDT 2021,118.717, qsub-MICA, v0.0.2 'wobbly'
HC047,1, post_structural, COMPLETED, 25/25, jroyer, oncilla.bic.mni.mcgill.ca, Thu Jun 24 17:21:01 EDT 2021,128.383, qsub-MICA, v0.0.2 'wobbly'
HC040,1, post_structural, COMPLETED, 25/25, jroyer, percy.bic.mni.mcgill.ca, Thu Jun 24 17:22:57 EDT 2021,141.317, qsub-MICA, v0.0.2 'wobbly'
HC056,1, post_structural, COMPLETED, 25/25, jroyer, paris.bic.mni.mcgill.ca, Thu Jun 24 17:26:19 EDT 2021,123.4, qsub-MICA, v0.0.2 'wobbly'
HC048,1, post_structural, COMPLETED, 25/25, jroyer, percy.bic.mni.mcgill.ca, Thu Jun 24 17:28:24 EDT 2021,133.267, qsub-MICA, v0.0.2 'wobbly'
HC052,1, post_structural, COMPLETED, 25/25, jroyer, venice.bic.mni.mcgill.ca, Thu Jun 24 17:29:39 EDT 2021,132.267, qsub-MICA, v0.0.2 'wobbly'
HC055,1, post_structural, COMPLETED, 25/25, jroyer, varrius.bic.mni.mcgill.ca, Thu Jun 24 17:32:30 EDT 2021,130.117, qsub-MICA, v0.0.2 'wobbly'
HC046,1, post_structural, COMPLETED, 25/25, jroyer, venice.bic.mni.mcgill.ca, Thu Jun 24 17:34:33 EDT 2021,142.667, qsub-MICA, v0.0.2 'wobbly'
HC054,1, post_structural, COMPLETED, 25/25, jroyer, valentine.bic.mni.mcgill.ca, Thu Jun 24 17:37:33 EDT 2021,138.167, qsub-MICA, v0.0.2 'wobbly'
HC059,1, post_structural, COMPLETED, 25/25, jroyer, yeatman.bic.mni.mcgill.ca, Thu Jun 24 17:37:40 EDT 2021,133.283, qsub-MICA, v0.0.2 'wobbly'
HC058,1, post_structural, COMPLETED, 25/25, jroyer, yeatman.bic.mni.mcgill.ca, Thu Jun 24 17:38:21 EDT 2021,134.4, qsub-MICA, v0.0.2 'wobbly'
HC062,1, post_structural, COMPLETED, 25/25, jroyer, varrius.bic.mni.mcgill.ca, Thu Jun 24 17:45:44 EDT 2021,128.6, qsub-MICA, v0.0.2 'wobbly'
HC064,1, post_structural, COMPLETED, 25/25, jroyer, varro.bic.mni.mcgill.ca, Thu Jun 24 17:52:46 EDT 2021,133.133, qsub-MICA, v0.0.2 'wobbly'
HC063,1, post_structural, COMPLETED, 25/25, jroyer, valentine.bic.mni.mcgill.ca, Thu Jun 24 17:59:30 EDT 2021,141.35, qsub-MICA, v0.0.2 'wobbly'
HC020,1, GD, COMPLETED, 18/18, jroyer, peto.bic.mni.mcgill.ca, Thu Jun 24 20:52:27 EDT 2021,126.317, qsub-MICA,
HC019,1, GD, COMPLETED, 18/18, jroyer, venice.bic.mni.mcgill.ca, Thu Jun 24 20:54:09 EDT 2021,128.183, qsub-MICA,
HC013,1, GD, COMPLETED, 18/18, jroyer, peto.bic.mni.mcgill.ca, Thu Jun 24 20:56:29 EDT 2021,130.533, qsub-MICA,
HC009,1, GD, COMPLETED, 18/18, jroyer, montano.bic.mni.mcgill.ca, Thu Jun 24 21:05:18 EDT 2021,137.45, qsub-MICA,
HC018,1, GD, COMPLETED, 18/18, jroyer, peto.bic.mni.mcgill.ca, Thu Jun 24 21:08:55 EDT 2021,142.967, qsub-MICA,
HC006,1, GD, COMPLETED, 18/18, jroyer, peto.bic.mni.mcgill.ca, Thu Jun 24 21:09:18 EDT 2021,143.35, qsub-MICA,
HC008,1, GD, COMPLETED, 18/18, jroyer, venice.bic.mni.mcgill.ca, Thu Jun 24 21:11:39 EDT 2021,145.683, qsub-MICA,
HC012,1, GD, COMPLETED, 18/18, jroyer, valentine.bic.mni.mcgill.ca, Thu Jun 24 21:15:32 EDT 2021,149.55, qsub-MICA,
HC011,1, GD, COMPLETED, 18/18, jroyer, varro.bic.mni.mcgill.ca, Thu Jun 24 21:15:52 EDT 2021,149.867, qsub-MICA,
HC015,1, GD, COMPLETED, 18/18, jroyer, paris.bic.mni.mcgill.ca, Thu Jun 24 21:16:07 EDT 2021,150.15, qsub-MICA,
HC005,1, GD, COMPLETED, 18/18, jroyer, oncilla.bic.mni.mcgill.ca, Thu Jun 24 21:23:02 EDT 2021,157.033, qsub-MICA,
HC030,1, GD, COMPLETED, 18/18, jroyer, percy.bic.mni.mcgill.ca, Thu Jun 24 21:24:19 EDT 2021,158.2, qsub-MICA,
HC007,1, GD, COMPLETED, 18/18, jroyer, paris.bic.mni.mcgill.ca, Thu Jun 24 21:27:19 EDT 2021,161.333, qsub-MICA,
HC017,1, GD, COMPLETED, 18/18, jroyer, varrius.bic.mni.mcgill.ca, Thu Jun 24 21:43:34 EDT 2021,177.583, qsub-MICA,
HC014,1, GD, COMPLETED, 18/18, jroyer, oncilla.bic.mni.mcgill.ca, Thu Jun 24 21:43:35 EDT 2021,177.583, qsub-MICA,
HC024,1, GD, COMPLETED, 18/18, jroyer, valentine.bic.mni.mcgill.ca, Thu Jun 24 21:44:33 EDT 2021,178.383, qsub-MICA,
HC010,1, GD, COMPLETED, 18/18, jroyer, varrius.bic.mni.mcgill.ca, Thu Jun 24 21:44:51 EDT 2021,178.85, qsub-MICA,
HC016,1, GD, COMPLETED, 18/18, jroyer, varro.bic.mni.mcgill.ca, Thu Jun 24 21:50:52 EDT 2021,184.867, qsub-MICA,
HC028,1, GD, COMPLETED, 18/18, jroyer, yeatman.bic.mni.mcgill.ca, Thu Jun 24 21:50:55 EDT 2021,184.75, qsub-MICA,
HC027,1, GD, COMPLETED, 18/18, jroyer, percy.bic.mni.mcgill.ca, Thu Jun 24 21:50:59 EDT 2021,184.867, qsub-MICA,
HC025,1, GD, COMPLETED, 18/18, jroyer, yeatman.bic.mni.mcgill.ca, Thu Jun 24 21:56:00 EDT 2021,189.817, qsub-MICA,
HC032,1, GD, COMPLETED, 18/18, jroyer, percy.bic.mni.mcgill.ca, Thu Jun 24 22:06:00 EDT 2021,194.867, qsub-MICA,
HC031,1, GD, COMPLETED, 18/18, jroyer, percy.bic.mni.mcgill.ca, Thu Jun 24 22:07:10 EDT 2021,199.3, qsub-MICA,
HC026,1, GD, COMPLETED, 18/18, jroyer, emilia.bic.mni.mcgill.ca, Thu Jun 24 22:14:02 EDT 2021,207.883, qsub-MICA,
HC034,1, GD, COMPLETED, 18/18, jroyer, peto.bic.mni.mcgill.ca, Thu Jun 24 23:11:06 EDT 2021,138.433, qsub-MICA,
HC035,1, GD, COMPLETED, 18/18, jroyer, venice.bic.mni.mcgill.ca, Thu Jun 24 23:16:33 EDT 2021,142.167, qsub-MICA,
HC036,1, GD, COMPLETED, 18/18, jroyer, peto.bic.mni.mcgill.ca, Thu Jun 24 23:17:54 EDT 2021,141.267, qsub-MICA,
HC005,1, MPC, COMPLETED, 103/103, jroyer, peto.bic.mni.mcgill.ca, Thu Jun 24 23:25:48 EDT 2021,7.65, qsub-MICA, v0.0.2 'wobbly'
HC039,1, GD, COMPLETED, 18/18, jroyer, peto.bic.mni.mcgill.ca, Thu Jun 24 23:27:38 EDT 2021,138.5, qsub-MICA,
HC006,1, MPC, COMPLETED, 103/103, jroyer, peto.bic.mni.mcgill.ca, Thu Jun 24 23:33:05 EDT 2021,7.2, qsub-MICA, v0.0.2 'wobbly'
HC037,1, GD, COMPLETED, 18/18, jroyer, montano.bic.mni.mcgill.ca, Thu Jun 24 23:35:19 EDT 2021,149.8, qsub-MICA,
HC007,1, MPC, COMPLETED, 103/103, jroyer, peto.bic.mni.mcgill.ca, Thu Jun 24 23:34:42 EDT 2021,6.783, qsub-MICA, v0.0.2 'wobbly'
HC043,1, GD, COMPLETED, 18/18, jroyer, varro.bic.mni.mcgill.ca, Thu Jun 24 23:37:19 EDT 2021,141.15, qsub-MICA,
HC042,1, GD, COMPLETED, 18/18, jroyer, valentine.bic.mni.mcgill.ca, Thu Jun 24 23:37:20 EDT 2021,141.683, qsub-MICA,
HC041,1, GD, COMPLETED, 18/18, jroyer, venice.bic.mni.mcgill.ca, Thu Jun 24 23:37:24 EDT 2021,145.517, qsub-MICA,
HC008,1, MPC, COMPLETED, 103/103, jroyer, peto.bic.mni.mcgill.ca, Thu Jun 24 23:40:38 EDT 2021,7.25, qsub-MICA, v0.0.2 'wobbly'
HC009,1, MPC, COMPLETED, 103/103, jroyer, montano.bic.mni.mcgill.ca, Thu Jun 24 23:43:24 EDT 2021,7.917, qsub-MICA, v0.0.2 'wobbly'
HC045,1, GD, COMPLETED, 18/18, jroyer, paris.bic.mni.mcgill.ca, Thu Jun 24 23:41:47 EDT 2021,145.4, qsub-MICA,
HC010,1, MPC, COMPLETED, 103/103, jroyer, peto.bic.mni.mcgill.ca, Thu Jun 24 23:42:29 EDT 2021,7.6, qsub-MICA, v0.0.2 'wobbly'
HC013,1, MPC, COMPLETED, 103/103, jroyer, valentine.bic.mni.mcgill.ca, Thu Jun 24 23:44:38 EDT 2021,6.983, qsub-MICA, v0.0.2 'wobbly'
HC012,1, MPC, COMPLETED, 103/103, jroyer, venice.bic.mni.mcgill.ca, Thu Jun 24 23:44:42 EDT 2021,7.067, qsub-MICA, v0.0.2 'wobbly'
HC011,1, MPC, COMPLETED, 103/103, jroyer, varro.bic.mni.mcgill.ca, Thu Jun 24 23:45:10 EDT 2021,7.767, qsub-MICA, v0.0.2 'wobbly'
HC015,1, MPC, COMPLETED, 103/103, jroyer, montano.bic.mni.mcgill.ca, Thu Jun 24 23:50:34 EDT 2021,7.067, qsub-MICA, v0.0.2 'wobbly'
HC014,1, MPC, COMPLETED, 103/103, jroyer, peto.bic.mni.mcgill.ca, Thu Jun 24 23:49:26 EDT 2021,8.55, qsub-MICA, v0.0.2 'wobbly'
HC017,1, MPC, COMPLETED, 103/103, jroyer, peto.bic.mni.mcgill.ca, Thu Jun 24 23:50:22 EDT 2021,7.733, qsub-MICA, v0.0.2 'wobbly'
HC016,1, MPC, COMPLETED, 103/103, jroyer, paris.bic.mni.mcgill.ca, Thu Jun 24 23:50:46 EDT 2021,8.85, qsub-MICA, v0.0.2 'wobbly'
HC019,1, MPC, COMPLETED, 103/103, jroyer, valentine.bic.mni.mcgill.ca, Thu Jun 24 23:51:08 EDT 2021,6.25, qsub-MICA, v0.0.2 'wobbly'
HC040,1, GD, COMPLETED, 18/18, jroyer, peto.bic.mni.mcgill.ca, Thu Jun 24 23:51:53 EDT 2021,162.517, qsub-MICA,
HC018,1, MPC, COMPLETED, 103/103, jroyer, venice.bic.mni.mcgill.ca, Thu Jun 24 23:52:05 EDT 2021,7.183, qsub-MICA, v0.0.2 'wobbly'
HC020,1, MPC, COMPLETED, 103/103, jroyer, varro.bic.mni.mcgill.ca, Thu Jun 24 23:52:35 EDT 2021,7.167, qsub-MICA, v0.0.2 'wobbly'
HC025,1, MPC, COMPLETED, 103/103, jroyer, peto.bic.mni.mcgill.ca, Thu Jun 24 23:56:53 EDT 2021,7.25, qsub-MICA, v0.0.2 'wobbly'
HC024,1, MPC, COMPLETED, 103/103, jroyer, montano.bic.mni.mcgill.ca, Thu Jun 24 23:59:05 EDT 2021,8.333, qsub-MICA, v0.0.2 'wobbly'
HC030,1, MPC, COMPLETED, 103/103, jroyer, peto.bic.mni.mcgill.ca, Thu Jun 24 23:58:08 EDT 2021,6, qsub-MICA, v0.0.2 'wobbly'
HC027,1, MPC, COMPLETED, 103/103, jroyer, paris.bic.mni.mcgill.ca, Thu Jun 24 23:58:33 EDT 2021,7.667, qsub-MICA, v0.0.2 'wobbly'
HC028,1, MPC, COMPLETED, 103/103, jroyer, valentine.bic.mni.mcgill.ca, Thu Jun 24 23:58:34 EDT 2021,7.183, qsub-MICA, v0.0.2 'wobbly'
HC026,1, MPC, COMPLETED, 103/103, jroyer, peto.bic.mni.mcgill.ca, Thu Jun 24 23:59:06 EDT 2021,8.467, qsub-MICA, v0.0.2 'wobbly'
HC031,1, MPC, COMPLETED, 103/103, jroyer, venice.bic.mni.mcgill.ca, Thu Jun 24 23:59:57 EDT 2021,7.567, qsub-MICA, v0.0.2 'wobbly'
HC032,1, MPC, COMPLETED, 103/103, jroyer, varro.bic.mni.mcgill.ca, Fri Jun 25 00:00:53 EDT 2021,8.217, qsub-MICA, v0.0.2 'wobbly'
HC034,1, MPC, COMPLETED, 103/103, jroyer, peto.bic.mni.mcgill.ca, Fri Jun 25 00:03:46 EDT 2021,6.633, qsub-MICA, v0.0.2 'wobbly'
HC051,1, GD, COMPLETED, 18/18, jroyer, varrius.bic.mni.mcgill.ca, Fri Jun 25 00:03:54 EDT 2021,140.25, qsub-MICA,
HC036,1, MPC, COMPLETED, 103/103, jroyer, peto.bic.mni.mcgill.ca, Fri Jun 25 00:05:26 EDT 2021,7.05, qsub-MICA, v0.0.2 'wobbly'
HC039,1, MPC, COMPLETED, 103/103, jroyer, valentine.bic.mni.mcgill.ca, Fri Jun 25 00:05:49 EDT 2021,7.15, qsub-MICA, v0.0.2 'wobbly'
HC035,1, MPC, COMPLETED, 103/103, jroyer, montano.bic.mni.mcgill.ca, Fri Jun 25 00:07:42 EDT 2021,8.45, qsub-MICA, v0.0.2 'wobbly'
HC037,1, MPC, COMPLETED, 103/103, jroyer, paris.bic.mni.mcgill.ca, Fri Jun 25 00:06:09 EDT 2021,7.5, qsub-MICA, v0.0.2 'wobbly'
HC040,1, MPC, COMPLETED, 103/103, jroyer, peto.bic.mni.mcgill.ca, Fri Jun 25 00:07:06 EDT 2021,7.717, qsub-MICA, v0.0.2 'wobbly'
HC041,1, MPC, COMPLETED, 103/103, jroyer, venice.bic.mni.mcgill.ca, Fri Jun 25 00:07:19 EDT 2021,7.183, qsub-MICA, v0.0.2 'wobbly'
HC042,1, MPC, COMPLETED, 103/103, jroyer, varro.bic.mni.mcgill.ca, Fri Jun 25 00:08:26 EDT 2021,7.283, qsub-MICA, v0.0.2 'wobbly'
HC052,1, GD, COMPLETED, 18/18, jroyer, valentine.bic.mni.mcgill.ca, Fri Jun 25 00:08:48 EDT 2021,144.15, qsub-MICA,
HC043,1, MPC, COMPLETED, 103/103, jroyer, peto.bic.mni.mcgill.ca, Fri Jun 25 00:10:01 EDT 2021,6.133, qsub-MICA, v0.0.2 'wobbly'
HC045,1, MPC, COMPLETED, 103/103, jroyer, varrius.bic.mni.mcgill.ca, Fri Jun 25 00:11:22 EDT 2021,7.217, qsub-MICA, v0.0.2 'wobbly'
HC047,1, GD, COMPLETED, 18/18, jroyer, paris.bic.mni.mcgill.ca, Fri Jun 25 00:12:08 EDT 2021,164.733, qsub-MICA,
HC047,1, MPC, COMPLETED, 103/103, jroyer, valentine.bic.mni.mcgill.ca, Fri Jun 25 00:13:23 EDT 2021,7.5, qsub-MICA, v0.0.2 'wobbly'
HC046,1, MPC, COMPLETED, 103/103, jroyer, peto.bic.mni.mcgill.ca, Fri Jun 25 00:13:37 EDT 2021,7.967, qsub-MICA, v0.0.2 'wobbly'
HC054,1, GD, COMPLETED, 18/18, jroyer, varrius.bic.mni.mcgill.ca, Fri Jun 25 00:13:45 EDT 2021,148.6, qsub-MICA,
HC051,1, MPC, COMPLETED, 103/103, jroyer, venice.bic.mni.mcgill.ca, Fri Jun 25 00:13:46 EDT 2021,6.383, qsub-MICA, v0.0.2 'wobbly'
HC048,1, MPC, COMPLETED, 103/103, jroyer, montano.bic.mni.mcgill.ca, Fri Jun 25 00:16:00 EDT 2021,8, qsub-MICA, v0.0.2 'wobbly'
HC052,1, MPC, COMPLETED, 103/103, jroyer, peto.bic.mni.mcgill.ca, Fri Jun 25 00:14:11 EDT 2021,6.783, qsub-MICA, v0.0.2 'wobbly'
HC050,1, MPC, COMPLETED, 103/103, jroyer, paris.bic.mni.mcgill.ca, Fri Jun 25 00:14:35 EDT 2021,8.183, qsub-MICA, v0.0.2 'wobbly'
HC005,1, Morphology, COMPLETED, 08/08, jroyer, peto.bic.mni.mcgill.ca, Fri Jun 25 00:15:04 EDT 2021,0.683, qsub-MICA, v0.0.2 'wobbly'
HC006,1, Morphology, COMPLETED, 08/08, jroyer, paris.bic.mni.mcgill.ca, Fri Jun 25 00:15:41 EDT 2021,0.8, qsub-MICA, v0.0.2 'wobbly'
HC007,1, Morphology, COMPLETED, 08/08, jroyer, peto.bic.mni.mcgill.ca, Fri Jun 25 00:15:49 EDT 2021,0.7, qsub-MICA, v0.0.2 'wobbly'
HC054,1, MPC, COMPLETED, 103/103, jroyer, varro.bic.mni.mcgill.ca, Fri Jun 25 00:16:25 EDT 2021,7.767, qsub-MICA, v0.0.2 'wobbly'
HC009,1, Morphology, COMPLETED, 08/08, jroyer, peto.bic.mni.mcgill.ca, Fri Jun 25 00:16:34 EDT 2021,0.65, qsub-MICA, v0.0.2 'wobbly'
HC055,1, MPC, COMPLETED, 103/103, jroyer, valentine.bic.mni.mcgill.ca, Fri Jun 25 00:16:41 EDT 2021,7.767, qsub-MICA, v0.0.2 'wobbly'
HC008,1, Morphology, COMPLETED, 08/08, jroyer, paris.bic.mni.mcgill.ca, Fri Jun 25 00:16:42 EDT 2021,0.817, qsub-MICA, v0.0.2 'wobbly'
HC056,1, MPC, COMPLETED, 103/103, jroyer, peto.bic.mni.mcgill.ca, Fri Jun 25 00:17:03 EDT 2021,6.917, qsub-MICA, v0.0.2 'wobbly'
HC011,1, Morphology, COMPLETED, 08/08, jroyer, peto.bic.mni.mcgill.ca, Fri Jun 25 00:17:19 EDT 2021,0.683, qsub-MICA, v0.0.2 'wobbly'
HC013,1, Morphology, COMPLETED, 08/08, jroyer, valentine.bic.mni.mcgill.ca, Fri Jun 25 00:17:31 EDT 2021,0.65, qsub-MICA, v0.0.2 'wobbly'
HC010,1, Morphology, COMPLETED, 08/08, jroyer, varro.bic.mni.mcgill.ca, Fri Jun 25 00:17:33 EDT 2021,0.883, qsub-MICA, v0.0.2 'wobbly'
HC012,1, Morphology, COMPLETED, 08/08, jroyer, paris.bic.mni.mcgill.ca, Fri Jun 25 00:17:40 EDT 2021,0.783, qsub-MICA, v0.0.2 'wobbly'
HC014,1, Morphology, COMPLETED, 08/08, jroyer, peto.bic.mni.mcgill.ca, Fri Jun 25 00:17:55 EDT 2021,0.767, qsub-MICA, v0.0.2 'wobbly'
HC015,1, Morphology, COMPLETED, 08/08, jroyer, peto.bic.mni.mcgill.ca, Fri Jun 25 00:18:04 EDT 2021,0.683, qsub-MICA, v0.0.2 'wobbly'
HC017,1, Morphology, COMPLETED, 08/08, jroyer, valentine.bic.mni.mcgill.ca, Fri Jun 25 00:18:25 EDT 2021,0.783, qsub-MICA, v0.0.2 'wobbly'
HC016,1, Morphology, COMPLETED, 08/08, jroyer, varro.bic.mni.mcgill.ca, Fri Jun 25 00:18:30 EDT 2021,0.867, qsub-MICA, v0.0.2 'wobbly'
HC018,1, Morphology, COMPLETED, 08/08, jroyer, paris.bic.mni.mcgill.ca, Fri Jun 25 00:18:43 EDT 2021,0.833, qsub-MICA, v0.0.2 'wobbly'
HC020,1, Morphology, COMPLETED, 08/08, jroyer, peto.bic.mni.mcgill.ca, Fri Jun 25 00:18:48 EDT 2021,0.667, qsub-MICA, v0.0.2 'wobbly'
HC019,1, Morphology, COMPLETED, 08/08, jroyer, peto.bic.mni.mcgill.ca, Fri Jun 25 00:18:49 EDT 2021,0.683, qsub-MICA, v0.0.2 'wobbly'
HC025,1, Morphology, COMPLETED, 08/08, jroyer, valentine.bic.mni.mcgill.ca, Fri Jun 25 00:19:22 EDT 2021,0.717, qsub-MICA, v0.0.2 'wobbly'
HC024,1, Morphology, COMPLETED, 08/08, jroyer, varro.bic.mni.mcgill.ca, Fri Jun 25 00:19:33 EDT 2021,0.9, qsub-MICA, v0.0.2 'wobbly'
HC027,1, Morphology, COMPLETED, 08/08, jroyer, peto.bic.mni.mcgill.ca, Fri Jun 25 00:19:35 EDT 2021,0.717, qsub-MICA, v0.0.2 'wobbly'
HC028,1, Morphology, COMPLETED, 08/08, jroyer, peto.bic.mni.mcgill.ca, Fri Jun 25 00:19:37 EDT 2021,0.733, qsub-MICA, v0.0.2 'wobbly'
HC059,1, MPC, COMPLETED, 103/103, jroyer, paris.bic.mni.mcgill.ca, Fri Jun 25 00:19:41 EDT 2021,7.3, qsub-MICA, v0.0.2 'wobbly'
HC026,1, Morphology, COMPLETED, 08/08, jroyer, paris.bic.mni.mcgill.ca, Fri Jun 25 00:19:51 EDT 2021,0.967, qsub-MICA, v0.0.2 'wobbly'
HC058,1, MPC, COMPLETED, 103/103, jroyer, varrius.bic.mni.mcgill.ca, Fri Jun 25 00:20:13 EDT 2021,8.583, qsub-MICA, v0.0.2 'wobbly'
HC061,1, MPC, COMPLETED, 103/103, jroyer, venice.bic.mni.mcgill.ca, Fri Jun 25 00:20:17 EDT 2021,6.383, qsub-MICA, v0.0.2 'wobbly'
HC030,1, Morphology, COMPLETED, 08/08, jroyer, varro.bic.mni.mcgill.ca, Fri Jun 25 00:20:23 EDT 2021,0.733, qsub-MICA, v0.0.2 'wobbly'
HC031,1, Morphology, COMPLETED, 08/08, jroyer, valentine.bic.mni.mcgill.ca, Fri Jun 25 00:20:24 EDT 2021,0.75, qsub-MICA, v0.0.2 'wobbly'
HC035,1, Morphology, COMPLETED, 08/08, jroyer, peto.bic.mni.mcgill.ca, Fri Jun 25 00:20:35 EDT 2021,0.683, qsub-MICA, v0.0.2 'wobbly'
HC032,1, Morphology, COMPLETED, 08/08, jroyer, peto.bic.mni.mcgill.ca, Fri Jun 25 00:20:40 EDT 2021,0.783, qsub-MICA, v0.0.2 'wobbly'
HC034,1, Morphology, COMPLETED, 08/08, jroyer, paris.bic.mni.mcgill.ca, Fri Jun 25 00:20:41 EDT 2021,0.8, qsub-MICA, v0.0.2 'wobbly'
HC060,1, MPC, COMPLETED, 103/103, jroyer, valentine.bic.mni.mcgill.ca, Fri Jun 25 00:20:46 EDT 2021,7.133, qsub-MICA, v0.0.2 'wobbly'
HC036,1, Morphology, COMPLETED, 08/08, jroyer, paris.bic.mni.mcgill.ca, Fri Jun 25 00:20:56 EDT 2021,0.8, qsub-MICA, v0.0.2 'wobbly'
HC037,1, Morphology, COMPLETED, 08/08, jroyer, venice.bic.mni.mcgill.ca, Fri Jun 25 00:21:02 EDT 2021,0.65, qsub-MICA, v0.0.2 'wobbly'
HC039,1, Morphology, COMPLETED, 08/08, jroyer, varrius.bic.mni.mcgill.ca, Fri Jun 25 00:21:12 EDT 2021,0.817, qsub-MICA, v0.0.2 'wobbly'
HC041,1, Morphology, COMPLETED, 08/08, jroyer, peto.bic.mni.mcgill.ca, Fri Jun 25 00:21:19 EDT 2021,0.7, qsub-MICA, v0.0.2 'wobbly'
HC042,1, Morphology, COMPLETED, 08/08, jroyer, valentine.bic.mni.mcgill.ca, Fri Jun 25 00:21:20 EDT 2021,0.683, qsub-MICA, v0.0.2 'wobbly'
HC046,1, GD, COMPLETED, 18/18, jroyer, oncilla.bic.mni.mcgill.ca, Fri Jun 25 00:21:20 EDT 2021,178.15, qsub-MICA,
HC063,1, MPC, COMPLETED, 103/103, jroyer, varrius.bic.mni.mcgill.ca, Fri Jun 25 00:21:27 EDT 2021,7.533, qsub-MICA, v0.0.2 'wobbly'
HC045,1, Morphology, COMPLETED, 08/08, jroyer, peto.bic.mni.mcgill.ca, Fri Jun 25 00:21:33 EDT 2021,0.65, qsub-MICA, v0.0.2 'wobbly'
HC040,1, Morphology, COMPLETED, 08/08, jroyer, varro.bic.mni.mcgill.ca, Fri Jun 25 00:21:34 EDT 2021,0.917, qsub-MICA, v0.0.2 'wobbly'
HC043,1, Morphology, COMPLETED, 08/08, jroyer, paris.bic.mni.mcgill.ca, Fri Jun 25 00:21:37 EDT 2021,0.733, qsub-MICA, v0.0.2 'wobbly'
HC062,1, MPC, COMPLETED, 103/103, jroyer, peto.bic.mni.mcgill.ca, Fri Jun 25 00:21:37 EDT 2021,7.733, qsub-MICA, v0.0.2 'wobbly'
HC046,1, Morphology, COMPLETED, 08/08, jroyer, valentine.bic.mni.mcgill.ca, Fri Jun 25 00:21:41 EDT 2021,0.8, qsub-MICA, v0.0.2 'wobbly'
HC047,1, Morphology, COMPLETED, 08/08, jroyer, venice.bic.mni.mcgill.ca, Fri Jun 25 00:21:50 EDT 2021,0.7, qsub-MICA, v0.0.2 'wobbly'
HC052,1, Morphology, COMPLETED, 08/08, jroyer, peto.bic.mni.mcgill.ca, Fri Jun 25 00:22:02 EDT 2021,0.667, qsub-MICA, v0.0.2 'wobbly'
HC048,1, Morphology, COMPLETED, 08/08, jroyer, paris.bic.mni.mcgill.ca, Fri Jun 25 00:22:02 EDT 2021,0.9, qsub-MICA, v0.0.2 'wobbly'
HC051,1, Morphology, COMPLETED, 08/08, jroyer, varrius.bic.mni.mcgill.ca, Fri Jun 25 00:22:08 EDT 2021,0.75, qsub-MICA, v0.0.2 'wobbly'
HC064,1, MPC, COMPLETED, 103/103, jroyer, montano.bic.mni.mcgill.ca, Fri Jun 25 00:24:08 EDT 2021,7.883, qsub-MICA, v0.0.2 'wobbly'
HC050,1, Morphology, COMPLETED, 08/08, jroyer, oncilla.bic.mni.mcgill.ca, Fri Jun 25 00:22:18 EDT 2021,0.917, qsub-MICA, v0.0.2 'wobbly'
HC054,1, Morphology, COMPLETED, 08/08, jroyer, varro.bic.mni.mcgill.ca, Fri Jun 25 00:22:21 EDT 2021,0.717, qsub-MICA, v0.0.2 'wobbly'
HC058,1, Morphology, COMPLETED, 08/08, jroyer, valentine.bic.mni.mcgill.ca, Fri Jun 25 00:22:23 EDT 2021,0.767, qsub-MICA, v0.0.2 'wobbly'
HC055,1, Morphology, COMPLETED, 08/08, jroyer, peto.bic.mni.mcgill.ca, Fri Jun 25 00:22:24 EDT 2021,0.767, qsub-MICA, v0.0.2 'wobbly'
HC056,1, Morphology, COMPLETED, 08/08, jroyer, varrius.bic.mni.mcgill.ca, Fri Jun 25 00:22:28 EDT 2021,0.817, qsub-MICA, v0.0.2 'wobbly'
HC061,1, Morphology, COMPLETED, 08/08, jroyer, valentine.bic.mni.mcgill.ca, Fri Jun 25 00:22:32 EDT 2021,0.65, qsub-MICA, v0.0.2 'wobbly'
HC060,1, Morphology, COMPLETED, 08/08, jroyer, peto.bic.mni.mcgill.ca, Fri Jun 25 00:22:33 EDT 2021,0.65, qsub-MICA, v0.0.2 'wobbly'
HC059,1, Morphology, COMPLETED, 08/08, jroyer, paris.bic.mni.mcgill.ca, Fri Jun 25 00:22:39 EDT 2021,0.767, qsub-MICA, v0.0.2 'wobbly'
HC062,1, Morphology, COMPLETED, 08/08, jroyer, venice.bic.mni.mcgill.ca, Fri Jun 25 00:22:48 EDT 2021,0.667, qsub-MICA, v0.0.2 'wobbly'
HC064,1, Morphology, COMPLETED, 08/08, jroyer, peto.bic.mni.mcgill.ca, Fri Jun 25 00:22:49 EDT 2021,0.683, qsub-MICA, v0.0.2 'wobbly'
HC063,1, Morphology, COMPLETED, 08/08, jroyer, paris.bic.mni.mcgill.ca, Fri Jun 25 00:22:56 EDT 2021,0.8, qsub-MICA, v0.0.2 'wobbly'
HC050,1, GD, COMPLETED, 18/18, jroyer, oncilla.bic.mni.mcgill.ca, Fri Jun 25 00:27:38 EDT 2021,163.983, qsub-MICA,
HC048,1, GD, COMPLETED, 18/18, jroyer, percy.bic.mni.mcgill.ca, Fri Jun 25 00:29:49 EDT 2021,182.183, qsub-MICA,
HC061,1, GD, COMPLETED, 18/18, jroyer, percy.bic.mni.mcgill.ca, Fri Jun 25 00:35:51 EDT 2021,145.45, qsub-MICA,
HC060,1, GD, COMPLETED, 18/18, jroyer, percy.bic.mni.mcgill.ca, Fri Jun 25 00:38:51 EDT 2021,149.2, qsub-MICA,
HC058,1, GD, COMPLETED, 18/18, jroyer, percy.bic.mni.mcgill.ca, Fri Jun 25 00:48:56 EDT 2021,176.533, qsub-MICA,
HC055,1, GD, COMPLETED, 18/18, jroyer, varro.bic.mni.mcgill.ca, Fri Jun 25 00:50:17 EDT 2021,179.133, qsub-MICA,
HC062,1, GD, COMPLETED, 18/18, jroyer, emilia.bic.mni.mcgill.ca, Fri Jun 25 00:55:24 EDT 2021,161.2, qsub-MICA,
HC056,1, GD, COMPLETED, 18/18, jroyer, yeatman.bic.mni.mcgill.ca, Fri Jun 25 00:57:43 EDT 2021,186.533, qsub-MICA,
HC059,1, GD, COMPLETED, 18/18, jroyer, yeatman.bic.mni.mcgill.ca, Fri Jun 25 00:59:45 EDT 2021,183.617, qsub-MICA,
HC063,1, GD, COMPLETED, 18/18, jroyer, peto.bic.mni.mcgill.ca, Fri Jun 25 01:27:22 EDT 2021,135.95, qsub-MICA,
HC064,1, GD, COMPLETED, 18/18, jroyer, venice.bic.mni.mcgill.ca, Fri Jun 25 01:37:39 EDT 2021,141, qsub-MICA,
HC016,1, proc_dwi, COMPLETED, 10/10, jroyer, oncilla.bic.mni.mcgill.ca, Fri Jun 25 15:01:58 EDT 2021,211.2, qsub-MICA, v1.0.0 'Roadrunner'
HC005,1, proc_dwi, COMPLETED, 10/10, jroyer, oncilla.bic.mni.mcgill.ca, Fri Jun 25 15:07:59 EDT 2021,217.5, qsub-MICA, v1.0.0 'Roadrunner'
HC024,1, proc_dwi, COMPLETED, 10/10, jroyer, varrius.bic.mni.mcgill.ca, Fri Jun 25 15:13:39 EDT 2021,222.883, qsub-MICA, v1.0.0 'Roadrunner'
HC017,1, proc_dwi, COMPLETED, 10/10, jroyer, paris.bic.mni.mcgill.ca, Fri Jun 25 15:15:44 EDT 2021,224.95, qsub-MICA, v1.0.0 'Roadrunner'
HC006,1, proc_dwi, COMPLETED, 10/10, jroyer, paris.bic.mni.mcgill.ca, Fri Jun 25 15:18:09 EDT 2021,227.667, qsub-MICA, v1.0.0 'Roadrunner'
HC013,1, proc_dwi, COMPLETED, 10/10, jroyer, varrius.bic.mni.mcgill.ca, Fri Jun 25 15:22:09 EDT 2021,231.367, qsub-MICA, v1.0.0 'Roadrunner'
HC008,1, proc_dwi, COMPLETED, 10/10, jroyer, venice.bic.mni.mcgill.ca, Fri Jun 25 15:23:27 EDT 2021,232.967, qsub-MICA, v1.0.0 'Roadrunner'
HC014,1, proc_dwi, COMPLETED, 10/10, jroyer, varro.bic.mni.mcgill.ca, Fri Jun 25 15:26:09 EDT 2021,235.367, qsub-MICA, v1.0.0 'Roadrunner'
HC025,1, proc_dwi, COMPLETED, 10/10, jroyer, peto.bic.mni.mcgill.ca, Fri Jun 25 15:27:12 EDT 2021,236.55, qsub-MICA, v1.0.0 'Roadrunner'
HC030,1, proc_dwi, COMPLETED, 10/10, jroyer, peto.bic.mni.mcgill.ca, Fri Jun 25 15:29:04 EDT 2021,238.417, qsub-MICA, v1.0.0 'Roadrunner'
HC019,1, proc_dwi, COMPLETED, 10/10, jroyer, percy.bic.mni.mcgill.ca, Fri Jun 25 15:29:16 EDT 2021,238.633, qsub-MICA, v1.0.0 'Roadrunner'
HC015,1, proc_dwi, COMPLETED, 10/10, jroyer, peto.bic.mni.mcgill.ca, Fri Jun 25 15:30:06 EDT 2021,239.433, qsub-MICA, v1.0.0 'Roadrunner'
HC031,1, proc_dwi, COMPLETED, 10/10, jroyer, percy.bic.mni.mcgill.ca, Fri Jun 25 15:31:40 EDT 2021,241.033, qsub-MICA, v1.0.0 'Roadrunner'
HC010,1, proc_dwi, COMPLETED, 10/10, jroyer, peto.bic.mni.mcgill.ca, Fri Jun 25 15:31:43 EDT 2021,241.05, qsub-MICA, v1.0.0 'Roadrunner'
HC012,1, proc_dwi, COMPLETED, 10/10, jroyer, percy.bic.mni.mcgill.ca, Fri Jun 25 15:33:28 EDT 2021,242.833, qsub-MICA, v1.0.0 'Roadrunner'
HC007,1, proc_dwi, COMPLETED, 10/10, jroyer, yeatman.bic.mni.mcgill.ca, Fri Jun 25 15:34:02 EDT 2021,243.55, qsub-MICA, v1.0.0 'Roadrunner'
HC034,1, proc_dwi, COMPLETED, 10/10, jroyer, fladgate.bic.mni.mcgill.ca, Fri Jun 25 15:35:00 EDT 2021,244.35, qsub-MICA, v1.0.0 'Roadrunner'
HC028,1, proc_dwi, COMPLETED, 10/10, jroyer, percy.bic.mni.mcgill.ca, Fri Jun 25 15:36:13 EDT 2021,245.567, qsub-MICA, v1.0.0 'Roadrunner'
HC011,1, proc_dwi, COMPLETED, 10/10, jroyer, montano.bic.mni.mcgill.ca, Fri Jun 25 15:39:12 EDT 2021,246.5, qsub-MICA, v1.0.0 'Roadrunner'
HC020,1, proc_dwi, COMPLETED, 10/10, jroyer, varro.bic.mni.mcgill.ca, Fri Jun 25 15:40:13 EDT 2021,249.433, qsub-MICA, v1.0.0 'Roadrunner'
HC018,1, proc_dwi, COMPLETED, 10/10, jroyer, yeatman.bic.mni.mcgill.ca, Fri Jun 25 15:46:40 EDT 2021,255.967, qsub-MICA, v1.0.0 'Roadrunner'
HC032,1, proc_dwi, COMPLETED, 10/10, jroyer, valentine.bic.mni.mcgill.ca, Fri Jun 25 15:47:51 EDT 2021,257.15, qsub-MICA, v1.0.0 'Roadrunner'
HC027,1, proc_dwi, COMPLETED, 10/10, jroyer, venice.bic.mni.mcgill.ca, Fri Jun 25 16:18:20 EDT 2021,287.633, qsub-MICA, v1.0.0 'Roadrunner'
HC026,1, proc_dwi, COMPLETED, 10/10, jroyer, valentine.bic.mni.mcgill.ca, Fri Jun 25 17:13:48 EDT 2021,343.1, qsub-MICA, v1.0.0 'Roadrunner'
HC009,1, proc_dwi, COMPLETED, 10/10, jroyer, emilia.bic.mni.mcgill.ca, Fri Jun 25 17:45:23 EDT 2021,374.917, qsub-MICA, v1.0.0 'Roadrunner'
HC035,1, proc_dwi, COMPLETED, 10/10, rcruces, fladgate.bic.mni.mcgill.ca, Fri Jun 25 18:25:57 EDT 2021,392.317, qsub-MICA, v1.0.0 'Roadrunner'
HC036,1, proc_dwi, COMPLETED, 10/10, rcruces, oncilla.bic.mni.mcgill.ca, Fri Jun 25 18:35:26 EDT 2021,212.767, qsub-MICA, v1.0.0 'Roadrunner'
HC037,1, proc_dwi, COMPLETED, 10/10, rcruces, oncilla.bic.mni.mcgill.ca, Fri Jun 25 18:36:38 EDT 2021,208.5, qsub-MICA, v1.0.0 'Roadrunner'
HC039,1, proc_dwi, COMPLETED, 10/10, rcruces, varrius.bic.mni.mcgill.ca, Fri Jun 25 18:54:53 EDT 2021,220.95, qsub-MICA, v1.0.0 'Roadrunner'
HC042,1, proc_dwi, COMPLETED, 10/10, rcruces, varrius.bic.mni.mcgill.ca, Fri Jun 25 19:00:05 EDT 2021,217.7, qsub-MICA, v1.0.0 'Roadrunner'
HC040,1, proc_dwi, COMPLETED, 10/10, rcruces, paris.bic.mni.mcgill.ca, Fri Jun 25 19:01:54 EDT 2021,225.983, qsub-MICA, v1.0.0 'Roadrunner'
HC041,1, proc_dwi, COMPLETED, 10/10, rcruces, paris.bic.mni.mcgill.ca, Fri Jun 25 19:08:38 EDT 2021,230.25, qsub-MICA, v1.0.0 'Roadrunner'
HC055,1, proc_dwi, COMPLETED, 10/10, rcruces, yeatman.bic.mni.mcgill.ca, Fri Jun 25 19:08:48 EDT 2021,214.65, qsub-MICA, v1.0.0 'Roadrunner'
HC045,1, proc_dwi, COMPLETED, 10/10, rcruces, varro.bic.mni.mcgill.ca, Fri Jun 25 19:13:54 EDT 2021,227.5, qsub-MICA, v1.0.0 'Roadrunner'
HC043,1, proc_dwi, COMPLETED, 10/10, rcruces, venice.bic.mni.mcgill.ca, Fri Jun 25 19:18:18 EDT 2021,234.65, qsub-MICA, v1.0.0 'Roadrunner'
HC051,1, proc_dwi, COMPLETED, 10/10, rcruces, peto.bic.mni.mcgill.ca, Fri Jun 25 19:21:11 EDT 2021,229.05, qsub-MICA, v1.0.0 'Roadrunner'
HC046,1, proc_dwi, COMPLETED, 10/10, rcruces, peto.bic.mni.mcgill.ca, Fri Jun 25 19:22:55 EDT 2021,234, qsub-MICA, v1.0.0 'Roadrunner'
HC047,1, proc_dwi, COMPLETED, 10/10, rcruces, peto.bic.mni.mcgill.ca, Fri Jun 25 19:23:19 EDT 2021,233.917, qsub-MICA, v1.0.0 'Roadrunner'
HC048,1, proc_dwi, COMPLETED, 10/10, rcruces, peto.bic.mni.mcgill.ca, Fri Jun 25 19:23:58 EDT 2021,233.333, qsub-MICA, v1.0.0 'Roadrunner'
HC050,1, proc_dwi, COMPLETED, 10/10, rcruces, percy.bic.mni.mcgill.ca, Fri Jun 25 19:26:58 EDT 2021,235.083, qsub-MICA, v1.0.0 'Roadrunner'
HC054,1, proc_dwi, COMPLETED, 10/10, rcruces, percy.bic.mni.mcgill.ca, Fri Jun 25 19:28:36 EDT 2021,234.717, qsub-MICA, v1.0.0 'Roadrunner'
HC052,1, proc_dwi, COMPLETED, 10/10, rcruces, percy.bic.mni.mcgill.ca, Fri Jun 25 19:29:17 EDT 2021,236.867, qsub-MICA, v1.0.0 'Roadrunner'
HC056,1, proc_dwi, COMPLETED, 10/10, rcruces, percy.bic.mni.mcgill.ca, Fri Jun 25 19:31:10 EDT 2021,234.783, qsub-MICA, v1.0.0 'Roadrunner'
HC060,1, proc_dwi, COMPLETED, 10/10, rcruces, yeatman.bic.mni.mcgill.ca, Fri Jun 25 19:31:51 EDT 2021,224.967, qsub-MICA, v1.0.0 'Roadrunner'
HC059,1, proc_dwi, COMPLETED, 10/10, rcruces, varro.bic.mni.mcgill.ca, Fri Jun 25 19:44:50 EDT 2021,244.433, qsub-MICA, v1.0.0 'Roadrunner'
HC058,1, proc_dwi, COMPLETED, 10/10, rcruces, montano.bic.mni.mcgill.ca, Fri Jun 25 19:48:18 EDT 2021,248.767, qsub-MICA, v1.0.0 'Roadrunner'
HC061,1, proc_dwi, COMPLETED, 10/10, rcruces, valentine.bic.mni.mcgill.ca, Fri Jun 25 19:55:16 EDT 2021,245.583, qsub-MICA, v1.0.0 'Roadrunner'
HC062,1, proc_dwi, COMPLETED, 10/10, rcruces, venice.bic.mni.mcgill.ca, Fri Jun 25 20:47:15 EDT 2021,266.8, qsub-MICA, v1.0.0 'Roadrunner'
HC064,1, proc_dwi, COMPLETED, 10/10, rcruces, valentine.bic.mni.mcgill.ca, Fri Jun 25 21:59:10 EDT 2021,270.983, qsub-MICA, v1.0.0 'Roadrunner'
HC063,1, proc_dwi, COMPLETED, 10/10, rcruces, fladgate.bic.mni.mcgill.ca, Fri Jun 25 22:44:03 EDT 2021,319.867, qsub-MICA, v1.0.0 'Roadrunner'
HC006,1, SC-40M, COMPLETED, 57/57, jroyer, percy.bic.mni.mcgill.ca, Sat Jun 26 05:29:42 EDT 2021,582.533, qsub-MICA, v1.0.0 'Roadrunner'
HC005,1, SC-40M, COMPLETED, 57/57, jroyer, peto.bic.mni.mcgill.ca, Sat Jun 26 06:06:43 EDT 2021,619.533, qsub-MICA, v1.0.0 'Roadrunner'
HC011,1, SC-40M, COMPLETED, 57/57, jroyer, varrius.bic.mni.mcgill.ca, Sat Jun 26 06:52:12 EDT 2021,664.767, qsub-MICA, v1.0.0 'Roadrunner'
HC008,1, SC-40M, COMPLETED, 57/57, jroyer, paris.bic.mni.mcgill.ca, Sat Jun 26 07:25:48 EDT 2021,698.5, qsub-MICA, v1.0.0 'Roadrunner'
HC007,1, SC-40M, COMPLETED, 57/57, jroyer, varro.bic.mni.mcgill.ca, Sat Jun 26 08:13:47 EDT 2021,746.483, qsub-MICA, v1.0.0 'Roadrunner'
HC009,1, SC-40M, COMPLETED, 57/57, jroyer, oncilla.bic.mni.mcgill.ca, Sat Jun 26 10:41:58 EDT 2021,894.5, qsub-MICA, v1.0.0 'Roadrunner'
HC012,1, SC-40M, COMPLETED, 57/57, jroyer, montano.bic.mni.mcgill.ca, Sat Jun 26 11:24:29 EDT 2021,934.2, qsub-MICA, v1.0.0 'Roadrunner'
HC010,1, SC-40M, COMPLETED, 57/57, jroyer, yeatman.bic.mni.mcgill.ca, Sat Jun 26 12:11:10 EDT 2021,983.65, qsub-MICA, v1.0.0 'Roadrunner'
HC016,1, SC-40M, COMPLETED, 57/57, jroyer, percy.bic.mni.mcgill.ca, Sat Jun 26 15:15:44 EDT 2021,585.7, qsub-MICA, v1.0.0 'Roadrunner'
HC017,1, SC-40M, COMPLETED, 57/57, jroyer, peto.bic.mni.mcgill.ca, Sat Jun 26 16:17:26 EDT 2021,610.4, qsub-MICA, v1.0.0 'Roadrunner'
HC019,1, SC-40M, COMPLETED, 57/57, jroyer, paris.bic.mni.mcgill.ca, Sat Jun 26 18:57:41 EDT 2021,691.55, qsub-MICA, v1.0.0 'Roadrunner'
HC018,1, SC-40M, COMPLETED, 57/57, jroyer, varrius.bic.mni.mcgill.ca, Sat Jun 26 19:05:19 EDT 2021,732.683, qsub-MICA, v1.0.0 'Roadrunner'
HC020,1, SC-40M, COMPLETED, 57/57, jroyer, varro.bic.mni.mcgill.ca, Sat Jun 26 19:16:24 EDT 2021,662.283, qsub-MICA, v1.0.0 'Roadrunner'
HC024,1, SC-40M, COMPLETED, 57/57, jroyer, oncilla.bic.mni.mcgill.ca, Sat Jun 26 22:39:21 EDT 2021,716.983, qsub-MICA, v1.0.0 'Roadrunner'
HC030,1, SC-40M, COMPLETED, 57/57, jroyer, peto.bic.mni.mcgill.ca, Sun Jun 27 00:23:56 EDT 2021,486.117, qsub-MICA, v1.0.0 'Roadrunner'
HC015,1, SC-40M, COMPLETED, 57/57, jroyer, valentine.bic.mni.mcgill.ca, Sun Jun 27 01:03:35 EDT 2021,1622.683, qsub-MICA, v1.0.0 'Roadrunner'
HC028,1, SC-40M, COMPLETED, 57/57, jroyer, percy.bic.mni.mcgill.ca, Sun Jun 27 02:04:24 EDT 2021,648.233, qsub-MICA, v1.0.0 'Roadrunner'
HC027,1, SC-40M, COMPLETED, 57/57, jroyer, yeatman.bic.mni.mcgill.ca, Sun Jun 27 02:14:01 EDT 2021,842.383, qsub-MICA, v1.0.0 'Roadrunner'
HC014,1, SC-40M, COMPLETED, 57/57, jroyer, venice.bic.mni.mcgill.ca, Sun Jun 27 04:40:30 EDT 2021,1912.017, qsub-MICA, v1.0.0 'Roadrunner'
HC034,1, SC-40M, COMPLETED, 57/57, jroyer, varro.bic.mni.mcgill.ca, Sun Jun 27 05:11:03 EDT 2021,594.217, qsub-MICA, v1.0.0 'Roadrunner'
HC026,1, SC-40M, COMPLETED, 57/57, jroyer, montano.bic.mni.mcgill.ca, Sun Jun 27 06:22:19 EDT 2021,1137.583, qsub-MICA, v1.0.0 'Roadrunner'
HC031,1, SC-40M, COMPLETED, 57/57, jroyer, paris.bic.mni.mcgill.ca, Sun Jun 27 07:51:20 EDT 2021,773.217, qsub-MICA, v1.0.0 'Roadrunner'
HC032,1, SC-40M, COMPLETED, 57/57, jroyer, varrius.bic.mni.mcgill.ca, Sun Jun 27 08:22:25 EDT 2021,796.867, qsub-MICA, v1.0.0 'Roadrunner'
HC036,1, SC-40M, COMPLETED, 57/57, rcruces, peto.bic.mni.mcgill.ca, Sun Jun 27 10:48:03 EDT 2021,623.733, qsub-MICA, v1.0.0 'Roadrunner'
HC035,1, SC-40M, COMPLETED, 57/57, rcruces, oncilla.bic.mni.mcgill.ca, Sun Jun 27 11:08:35 EDT 2021,748.9, qsub-MICA, v1.0.0 'Roadrunner'
HC013,1, SC-40M, COMPLETED, 57/57, jroyer, emilia.bic.mni.mcgill.ca, Sun Jun 27 11:16:59 EDT 2021,2308.533, qsub-MICA, v1.0.0 'Roadrunner'
HC039,1, SC-40M, COMPLETED, 57/57, rcruces, percy.bic.mni.mcgill.ca, Sun Jun 27 13:46:53 EDT 2021,701.95, qsub-MICA, v1.0.0 'Roadrunner'
HC025,1, SC-40M, COMPLETED, 57/57, jroyer, fladgate.bic.mni.mcgill.ca, Sun Jun 27 14:27:36 EDT 2021,1624.8, qsub-MICA, v1.0.0 'Roadrunner'
HC040,1, SC-40M, COMPLETED, 57/57, rcruces, yeatman.bic.mni.mcgill.ca, Sun Jun 27 17:01:29 EDT 2021,887.083, qsub-MICA, v1.0.0 'Roadrunner'
HC042,1, SC-40M, COMPLETED, 57/57, rcruces, varro.bic.mni.mcgill.ca, Sun Jun 27 17:42:33 EDT 2021,751.183, qsub-MICA, v1.0.0 'Roadrunner'
HC045,1, SC-40M, COMPLETED, 57/57, rcruces, paris.bic.mni.mcgill.ca, Sun Jun 27 19:39:24 EDT 2021,707.783, qsub-MICA, v1.0.0 'Roadrunner'
HC043,1, SC-40M, COMPLETED, 57/57, rcruces, montano.bic.mni.mcgill.ca, Sun Jun 27 21:08:35 EDT 2021,885.783, qsub-MICA, v1.0.0 'Roadrunner'
HC047,1, SC-40M, COMPLETED, 57/57, rcruces, peto.bic.mni.mcgill.ca, Sun Jun 27 21:25:29 EDT 2021,637.183, qsub-MICA, v1.0.0 'Roadrunner'
HC046,1, SC-40M, COMPLETED, 57/57, rcruces, varrius.bic.mni.mcgill.ca, Sun Jun 27 21:49:33 EDT 2021,806.7, qsub-MICA, v1.0.0 'Roadrunner'
HC051,1, SC-40M, COMPLETED, 57/57, rcruces, percy.bic.mni.mcgill.ca, Sun Jun 27 22:37:37 EDT 2021,530.183, qsub-MICA, v1.0.0 'Roadrunner'
HC048,1, SC-40M, COMPLETED, 57/57, rcruces, oncilla.bic.mni.mcgill.ca, Sun Jun 27 22:46:43 EDT 2021,697.6, qsub-MICA, v1.0.0 'Roadrunner'
HC037,1, SC-40M, COMPLETED, 57/57, rcruces, valentine.bic.mni.mcgill.ca, Mon Jun 28 02:42:06 EDT 2021,1538.167, qsub-MICA, v1.0.0 'Roadrunner'
HC054,1, SC-40M, COMPLETED, 57/57, rcruces, varro.bic.mni.mcgill.ca, Mon Jun 28 04:14:43 EDT 2021,631.917, qsub-MICA, v1.0.0 'Roadrunner'
HC052,1, SC-40M, COMPLETED, 57/57, rcruces, yeatman.bic.mni.mcgill.ca, Mon Jun 28 05:41:05 EDT 2021,759.167, qsub-MICA, v1.0.0 'Roadrunner'
HC059,1, SC-40M, COMPLETED, 57/57, rcruces, peto.bic.mni.mcgill.ca, Mon Jun 28 06:13:55 EDT 2021,528.1, qsub-MICA, v1.0.0 'Roadrunner'
HC055,1, SC-40M, COMPLETED, 57/57, rcruces, paris.bic.mni.mcgill.ca, Mon Jun 28 07:30:53 EDT 2021,711.033, qsub-MICA, v1.0.0 'Roadrunner'
HC061,1, SC-40M, COMPLETED, 57/57, rcruces, percy.bic.mni.mcgill.ca, Mon Jun 28 07:55:30 EDT 2021,557.567, qsub-MICA, v1.0.0 'Roadrunner'
HC062,1, SC-40M, COMPLETED, 57/57, rcruces, oncilla.bic.mni.mcgill.ca, Mon Jun 28 10:14:17 EDT 2021,687.1, qsub-MICA, v1.0.0 'Roadrunner'
HC050,1, SC-40M, COMPLETED, 57/57, rcruces, emilia.bic.mni.mcgill.ca, Mon Jun 28 10:53:54 EDT 2021,1416.6, qsub-MICA, v1.0.0 'Roadrunner'
HC041,1, SC-40M, COMPLETED, 57/57, rcruces, venice.bic.mni.mcgill.ca, Mon Jun 28 11:39:26 EDT 2021,1858.55, qsub-MICA, v1.0.0 'Roadrunner'
HC060,1, SC-40M, COMPLETED, 57/57, rcruces, varrius.bic.mni.mcgill.ca, Mon Jun 28 12:10:29 EDT 2021,860.65, qsub-MICA, v1.0.0 'Roadrunner'
HC058,1, SC-40M, COMPLETED, 57/57, rcruces, montano.bic.mni.mcgill.ca, Mon Jun 28 13:29:02 EDT 2021,980.017, qsub-MICA, v1.0.0 'Roadrunner'
HC064,1, SC-40M, COMPLETED, 57/57, rcruces, varro.bic.mni.mcgill.ca, Mon Jun 28 15:18:54 EDT 2021,663.75, qsub-MICA, v1.0.0 'Roadrunner'
HC056,1, SC-40M, COMPLETED, 57/57, rcruces, fladgate.bic.mni.mcgill.ca, Mon Jun 28 18:30:10 EDT 2021,1283.067, qsub-MICA, v1.0.0 'Roadrunner'
HC063,1, SC-40M, COMPLETED, 57/57, rcruces, valentine.bic.mni.mcgill.ca, Tue Jun 29 11:19:33 EDT 2021,1957.15, qsub-MICA, v1.0.0 'Roadrunner'
HC005,1, proc_structural, COMPLETED, 07/07, rcruces, yeatman.bic.mni.mcgill.ca, Tue Jun 29 14:27:29 EDT 2021,84.083, LOCAL-MICA, v1.0.0 'Roadrunner'
HC006,1, proc_structural, COMPLETED, 07/07, rcruces, yeatman.bic.mni.mcgill.ca, Tue Jun 29 14:27:33 EDT 2021,90.133, LOCAL-MICA, v1.0.0 'Roadrunner'
HC007,1, proc_structural, COMPLETED, 07/07, rcruces, yeatman.bic.mni.mcgill.ca, Tue Jun 29 14:27:38 EDT 2021,83.9, LOCAL-MICA, v1.0.0 'Roadrunner'
HC008,1, proc_structural, COMPLETED, 07/07, rcruces, yeatman.bic.mni.mcgill.ca, Tue Jun 29 14:27:44 EDT 2021,81.983, LOCAL-MICA, v1.0.0 'Roadrunner'
HC009,1, proc_structural, COMPLETED, 07/07, rcruces, yeatman.bic.mni.mcgill.ca, Tue Jun 29 14:27:48 EDT 2021,100.783, LOCAL-MICA, v1.0.0 'Roadrunner'
HC010,1, proc_structural, COMPLETED, 07/07, rcruces, yeatman.bic.mni.mcgill.ca, Tue Jun 29 14:27:55 EDT 2021,84.167, LOCAL-MICA, v1.0.0 'Roadrunner'
HC011,1, proc_structural, COMPLETED, 07/07, rcruces, yeatman.bic.mni.mcgill.ca, Tue Jun 29 14:28:00 EDT 2021,89.4, LOCAL-MICA, v1.0.0 'Roadrunner'
HC012,1, proc_structural, COMPLETED, 07/07, rcruces, yeatman.bic.mni.mcgill.ca, Tue Jun 29 14:28:04 EDT 2021,87.95, LOCAL-MICA, v1.0.0 'Roadrunner'
HC013,1, proc_structural, COMPLETED, 07/07, rcruces, yeatman.bic.mni.mcgill.ca, Tue Jun 29 14:28:09 EDT 2021,87.567, LOCAL-MICA, v1.0.0 'Roadrunner'
HC014,1, proc_structural, COMPLETED, 07/07, rcruces, yeatman.bic.mni.mcgill.ca, Tue Jun 29 14:28:14 EDT 2021,94.667, LOCAL-MICA, v1.0.0 'Roadrunner'
HC015,1, proc_structural, COMPLETED, 07/07, rcruces, yeatman.bic.mni.mcgill.ca, Tue Jun 29 14:28:19 EDT 2021,80.233, LOCAL-MICA, v1.0.0 'Roadrunner'
HC016,1, proc_structural, COMPLETED, 07/07, rcruces, yeatman.bic.mni.mcgill.ca, Tue Jun 29 14:28:23 EDT 2021,84.217, LOCAL-MICA, v1.0.0 'Roadrunner'
HC017,1, proc_structural, COMPLETED, 07/07, rcruces, yeatman.bic.mni.mcgill.ca, Tue Jun 29 14:28:27 EDT 2021,83.667, LOCAL-MICA, v1.0.0 'Roadrunner'
HC018,1, proc_structural, COMPLETED, 07/07, rcruces, yeatman.bic.mni.mcgill.ca, Tue Jun 29 14:28:32 EDT 2021,90.667, LOCAL-MICA, v1.0.0 'Roadrunner'
HC019,1, proc_structural, COMPLETED, 07/07, rcruces, yeatman.bic.mni.mcgill.ca, Tue Jun 29 14:28:37 EDT 2021,86.933, LOCAL-MICA, v1.0.0 'Roadrunner'
HC020,1, proc_structural, COMPLETED, 07/07, rcruces, yeatman.bic.mni.mcgill.ca, Tue Jun 29 14:28:42 EDT 2021,93.667, LOCAL-MICA, v1.0.0 'Roadrunner'
HC024,1, proc_structural, COMPLETED, 07/07, rcruces, yeatman.bic.mni.mcgill.ca, Tue Jun 29 14:28:46 EDT 2021,83, LOCAL-MICA, v1.0.0 'Roadrunner'
HC025,1, proc_structural, COMPLETED, 07/07, rcruces, yeatman.bic.mni.mcgill.ca, Tue Jun 29 14:28:52 EDT 2021,91.1, LOCAL-MICA, v1.0.0 'Roadrunner'
HC026,1, proc_structural, COMPLETED, 07/07, rcruces, yeatman.bic.mni.mcgill.ca, Tue Jun 29 14:28:56 EDT 2021,88.367, LOCAL-MICA, v1.0.0 'Roadrunner'
HC027,1, proc_structural, COMPLETED, 07/07, rcruces, yeatman.bic.mni.mcgill.ca, Tue Jun 29 14:29:02 EDT 2021,83.483, LOCAL-MICA, v1.0.0 'Roadrunner'
HC028,1, proc_structural, COMPLETED, 07/07, rcruces, yeatman.bic.mni.mcgill.ca, Tue Jun 29 14:29:07 EDT 2021,83.333, LOCAL-MICA, v1.0.0 'Roadrunner'
HC030,1, proc_structural, COMPLETED, 07/07, rcruces, yeatman.bic.mni.mcgill.ca, Tue Jun 29 14:29:11 EDT 2021,79.5, LOCAL-MICA, v1.0.0 'Roadrunner'
HC031,1, proc_structural, COMPLETED, 07/07, rcruces, yeatman.bic.mni.mcgill.ca, Tue Jun 29 14:29:16 EDT 2021,84.4, LOCAL-MICA, v1.0.0 'Roadrunner'
HC032,1, proc_structural, COMPLETED, 07/07, rcruces, yeatman.bic.mni.mcgill.ca, Tue Jun 29 14:29:21 EDT 2021,84.183, LOCAL-MICA, v1.0.0 'Roadrunner'
HC034,1, proc_structural, COMPLETED, 07/07, rcruces, yeatman.bic.mni.mcgill.ca, Tue Jun 29 14:29:25 EDT 2021,86.433, LOCAL-MICA, v1.0.0 'Roadrunner'
HC035,1, proc_structural, COMPLETED, 07/07, rcruces, yeatman.bic.mni.mcgill.ca, Tue Jun 29 14:29:29 EDT 2021,84.833, LOCAL-MICA, v1.0.0 'Roadrunner'
HC036,1, proc_structural, COMPLETED, 07/07, rcruces, yeatman.bic.mni.mcgill.ca, Tue Jun 29 14:29:33 EDT 2021,83.233, LOCAL-MICA, v1.0.0 'Roadrunner'
HC037,1, proc_structural, COMPLETED, 07/07, rcruces, yeatman.bic.mni.mcgill.ca, Tue Jun 29 14:29:37 EDT 2021,91.183, LOCAL-MICA, v1.0.0 'Roadrunner'
HC039,1, proc_structural, COMPLETED, 07/07, rcruces, yeatman.bic.mni.mcgill.ca, Tue Jun 29 14:29:41 EDT 2021,81.883, LOCAL-MICA, v1.0.0 'Roadrunner'
HC040,1, proc_structural, COMPLETED, 07/07, rcruces, yeatman.bic.mni.mcgill.ca, Tue Jun 29 14:29:47 EDT 2021,89.167, LOCAL-MICA, v1.0.0 'Roadrunner'
HC041,1, proc_structural, COMPLETED, 07/07, rcruces, yeatman.bic.mni.mcgill.ca, Tue Jun 29 14:29:52 EDT 2021,78.917, LOCAL-MICA, v1.0.0 'Roadrunner'
HC042,1, proc_structural, COMPLETED, 07/07, rcruces, yeatman.bic.mni.mcgill.ca, Tue Jun 29 14:29:56 EDT 2021,84.183, LOCAL-MICA, v1.0.0 'Roadrunner'
HC043,1, proc_structural, COMPLETED, 07/07, rcruces, yeatman.bic.mni.mcgill.ca, Tue Jun 29 14:30:00 EDT 2021,84.8, LOCAL-MICA, v1.0.0 'Roadrunner'
HC045,1, proc_structural, COMPLETED, 07/07, rcruces, yeatman.bic.mni.mcgill.ca, Tue Jun 29 14:30:04 EDT 2021,78.633, LOCAL-MICA, v1.0.0 'Roadrunner'
HC046,1, proc_structural, COMPLETED, 07/07, rcruces, yeatman.bic.mni.mcgill.ca, Tue Jun 29 14:30:08 EDT 2021,76.233, LOCAL-MICA, v1.0.0 'Roadrunner'
HC047,1, proc_structural, COMPLETED, 07/07, rcruces, yeatman.bic.mni.mcgill.ca, Tue Jun 29 14:30:12 EDT 2021,86.05, LOCAL-MICA, v1.0.0 'Roadrunner'
HC048,1, proc_structural, COMPLETED, 07/07, rcruces, yeatman.bic.mni.mcgill.ca, Tue Jun 29 14:30:16 EDT 2021,82.183, LOCAL-MICA, v1.0.0 'Roadrunner'
HC050,1, proc_structural, COMPLETED, 07/07, rcruces, yeatman.bic.mni.mcgill.ca, Tue Jun 29 14:30:20 EDT 2021,92.383, LOCAL-MICA, v1.0.0 'Roadrunner'
HC051,1, proc_structural, COMPLETED, 07/07, rcruces, yeatman.bic.mni.mcgill.ca, Tue Jun 29 14:30:24 EDT 2021,120.9, LOCAL-MICA, v1.0.0 'Roadrunner'
HC052,1, proc_structural, COMPLETED, 07/07, rcruces, yeatman.bic.mni.mcgill.ca, Tue Jun 29 14:30:31 EDT 2021,85.067, LOCAL-MICA, v1.0.0 'Roadrunner'
HC054,1, proc_structural, COMPLETED, 07/07, rcruces, yeatman.bic.mni.mcgill.ca, Tue Jun 29 14:30:35 EDT 2021,86.667, LOCAL-MICA, v1.0.0 'Roadrunner'
HC055,1, proc_structural, COMPLETED, 07/07, rcruces, yeatman.bic.mni.mcgill.ca, Tue Jun 29 14:30:40 EDT 2021,85.333, LOCAL-MICA, v1.0.0 'Roadrunner'
HC056,1, proc_structural, COMPLETED, 07/07, rcruces, yeatman.bic.mni.mcgill.ca, Tue Jun 29 14:30:44 EDT 2021,81.117, LOCAL-MICA, v1.0.0 'Roadrunner'
HC058,1, proc_structural, COMPLETED, 07/07, rcruces, yeatman.bic.mni.mcgill.ca, Tue Jun 29 14:30:48 EDT 2021,77.5, LOCAL-MICA, v1.0.0 'Roadrunner'
HC059,1, proc_structural, COMPLETED, 07/07, rcruces, yeatman.bic.mni.mcgill.ca, Tue Jun 29 14:30:52 EDT 2021,88.4, LOCAL-MICA, v1.0.0 'Roadrunner'
HC060,1, proc_structural, COMPLETED, 07/07, rcruces, yeatman.bic.mni.mcgill.ca, Tue Jun 29 14:30:56 EDT 2021,96.783, LOCAL-MICA, v1.0.0 'Roadrunner'
HC061,1, proc_structural, COMPLETED, 07/07, rcruces, yeatman.bic.mni.mcgill.ca, Tue Jun 29 14:31:00 EDT 2021,79.617, LOCAL-MICA, v1.0.0 'Roadrunner'
HC062,1, proc_structural, COMPLETED, 07/07, rcruces, yeatman.bic.mni.mcgill.ca, Tue Jun 29 14:31:05 EDT 2021,76.183, LOCAL-MICA, v1.0.0 'Roadrunner'
HC063,1, proc_structural, COMPLETED, 07/07, rcruces, yeatman.bic.mni.mcgill.ca, Tue Jun 29 14:31:10 EDT 2021,75.733, LOCAL-MICA, v1.0.0 'Roadrunner'
HC064,1, proc_structural, COMPLETED, 07/07, rcruces, yeatman.bic.mni.mcgill.ca, Tue Jun 29 14:31:14 EDT 2021,196.25, LOCAL-MICA, v1.0.0 'Roadrunner'
HC005,1, proc_freesurfer, COMPLETED, 01/01, rcruces, yeatman.bic.mni.mcgill.ca, Tue Jun 29 14:37:38 EDT 2021,1281.6, LOCAL-MICA, v1.0.0 'Roadrunner'
HC006,1, proc_freesurfer, COMPLETED, 01/01, rcruces, yeatman.bic.mni.mcgill.ca, Tue Jun 29 14:37:39 EDT 2021,1267.08, LOCAL-MICA, v1.0.0 'Roadrunner'
HC007,1, proc_freesurfer, COMPLETED, 01/01, rcruces, yeatman.bic.mni.mcgill.ca, Tue Jun 29 14:37:40 EDT 2021,998.64, LOCAL-MICA, v1.0.0 'Roadrunner'
HC008,1, proc_freesurfer, COMPLETED, 01/01, rcruces, yeatman.bic.mni.mcgill.ca, Tue Jun 29 14:37:41 EDT 2021,1343.46, LOCAL-MICA, v1.0.0 'Roadrunner'
HC009,1, proc_freesurfer, COMPLETED, 01/01, rcruces, yeatman.bic.mni.mcgill.ca, Tue Jun 29 14:37:42 EDT 2021,1137.96, LOCAL-MICA, v1.0.0 'Roadrunner'
HC010,1, proc_freesurfer, COMPLETED, 01/01, rcruces, yeatman.bic.mni.mcgill.ca, Tue Jun 29 14:37:42 EDT 2021,1353.72, LOCAL-MICA, v1.0.0 'Roadrunner'
HC011,1, proc_freesurfer, COMPLETED, 01/01, rcruces, yeatman.bic.mni.mcgill.ca, Tue Jun 29 14:37:43 EDT 2021,994.02, LOCAL-MICA, v1.0.0 'Roadrunner'
HC012,1, proc_freesurfer, COMPLETED, 01/01, rcruces, yeatman.bic.mni.mcgill.ca, Tue Jun 29 14:37:44 EDT 2021,1026.3, LOCAL-MICA, v1.0.0 'Roadrunner'
HC013,1, proc_freesurfer, COMPLETED, 01/01, rcruces, yeatman.bic.mni.mcgill.ca, Tue Jun 29 14:37:45 EDT 2021,1025.04, LOCAL-MICA, v1.0.0 'Roadrunner'
HC014,1, proc_freesurfer, COMPLETED, 01/01, rcruces, yeatman.bic.mni.mcgill.ca, Tue Jun 29 14:37:45 EDT 2021,1056.84, LOCAL-MICA, v1.0.0 'Roadrunner'
HC015,1, proc_freesurfer, COMPLETED, 01/01, rcruces, yeatman.bic.mni.mcgill.ca, Tue Jun 29 14:37:46 EDT 2021,914.34, LOCAL-MICA, v1.0.0 'Roadrunner'
HC016,1, proc_freesurfer, COMPLETED, 01/01, rcruces, yeatman.bic.mni.mcgill.ca, Tue Jun 29 14:37:47 EDT 2021,1040.52, LOCAL-MICA, v1.0.0 'Roadrunner'
HC017,1, proc_freesurfer, COMPLETED, 01/01, rcruces, yeatman.bic.mni.mcgill.ca, Tue Jun 29 14:37:48 EDT 2021,983.58, LOCAL-MICA, v1.0.0 'Roadrunner'
HC018,1, proc_freesurfer, COMPLETED, 01/01, rcruces, yeatman.bic.mni.mcgill.ca, Tue Jun 29 14:37:48 EDT 2021,855.48, LOCAL-MICA, v1.0.0 'Roadrunner'
HC019,1, proc_freesurfer, COMPLETED, 01/01, rcruces, yeatman.bic.mni.mcgill.ca, Tue Jun 29 14:37:49 EDT 2021,841.68, LOCAL-MICA, v1.0.0 'Roadrunner'
HC020,1, proc_freesurfer, COMPLETED, 01/01, rcruces, yeatman.bic.mni.mcgill.ca, Tue Jun 29 14:37:50 EDT 2021,845.1, LOCAL-MICA, v1.0.0 'Roadrunner'
HC024,1, proc_freesurfer, COMPLETED, 01/01, rcruces, yeatman.bic.mni.mcgill.ca, Tue Jun 29 14:37:51 EDT 2021,913.86, LOCAL-MICA, v1.0.0 'Roadrunner'
HC025,1, proc_freesurfer, COMPLETED, 01/01, rcruces, yeatman.bic.mni.mcgill.ca, Tue Jun 29 14:37:52 EDT 2021,852.18, LOCAL-MICA, v1.0.0 'Roadrunner'
HC026,1, proc_freesurfer, COMPLETED, 01/01, rcruces, yeatman.bic.mni.mcgill.ca, Tue Jun 29 14:37:53 EDT 2021,1232.76, LOCAL-MICA, v1.0.0 'Roadrunner'
HC027,1, proc_freesurfer, COMPLETED, 01/01, rcruces, yeatman.bic.mni.mcgill.ca, Tue Jun 29 14:37:53 EDT 2021,986.94, LOCAL-MICA, v1.0.0 'Roadrunner'
HC028,1, proc_freesurfer, COMPLETED, 01/01, rcruces, yeatman.bic.mni.mcgill.ca, Tue Jun 29 14:37:54 EDT 2021,1018.86, LOCAL-MICA, v1.0.0 'Roadrunner'
HC030,1, proc_freesurfer, COMPLETED, 01/01, rcruces, yeatman.bic.mni.mcgill.ca, Tue Jun 29 14:37:55 EDT 2021,874.98, LOCAL-MICA, v1.0.0 'Roadrunner'
HC031,1, proc_freesurfer, COMPLETED, 01/01, rcruces, yeatman.bic.mni.mcgill.ca, Tue Jun 29 14:37:56 EDT 2021,1143.3, LOCAL-MICA, v1.0.0 'Roadrunner'
HC032,1, proc_freesurfer, COMPLETED, 01/01, rcruces, yeatman.bic.mni.mcgill.ca, Tue Jun 29 14:37:56 EDT 2021,1213.08, LOCAL-MICA, v1.0.0 'Roadrunner'
HC034,1, proc_freesurfer, COMPLETED, 01/01, rcruces, yeatman.bic.mni.mcgill.ca, Tue Jun 29 14:37:57 EDT 2021,1069.86, LOCAL-MICA, v1.0.0 'Roadrunner'
HC035,1, proc_freesurfer, COMPLETED, 01/01, rcruces, yeatman.bic.mni.mcgill.ca, Tue Jun 29 14:37:58 EDT 2021,1108.68, LOCAL-MICA, v1.0.0 'Roadrunner'
HC036,1, proc_freesurfer, COMPLETED, 01/01, rcruces, yeatman.bic.mni.mcgill.ca, Tue Jun 29 14:37:59 EDT 2021,1197.78, LOCAL-MICA, v1.0.0 'Roadrunner'
HC037,1, proc_freesurfer, COMPLETED, 01/01, rcruces, yeatman.bic.mni.mcgill.ca, Tue Jun 29 14:38:00 EDT 2021,1135.08, LOCAL-MICA, v1.0.0 'Roadrunner'
HC039,1, proc_freesurfer, COMPLETED, 01/01, rcruces, yeatman.bic.mni.mcgill.ca, Tue Jun 29 14:38:01 EDT 2021,828.36, LOCAL-MICA, v1.0.0 'Roadrunner'
HC040,1, proc_freesurfer, COMPLETED, 01/01, rcruces, yeatman.bic.mni.mcgill.ca, Tue Jun 29 14:38:02 EDT 2021,961.26, LOCAL-MICA, v1.0.0 'Roadrunner'
HC041,1, proc_freesurfer, COMPLETED, 01/01, rcruces, yeatman.bic.mni.mcgill.ca, Tue Jun 29 14:38:02 EDT 2021,1216.68, LOCAL-MICA, v1.0.0 'Roadrunner'
HC042,1, proc_freesurfer, COMPLETED, 01/01, rcruces, yeatman.bic.mni.mcgill.ca, Tue Jun 29 14:38:03 EDT 2021,1150.92, LOCAL-MICA, v1.0.0 'Roadrunner'
HC043,1, proc_freesurfer, COMPLETED, 01/01, rcruces, yeatman.bic.mni.mcgill.ca, Tue Jun 29 14:38:04 EDT 2021,711.9, LOCAL-MICA, v1.0.0 'Roadrunner'
HC045,1, proc_freesurfer, COMPLETED, 01/01, rcruces, yeatman.bic.mni.mcgill.ca, Tue Jun 29 14:38:05 EDT 2021,777.06, LOCAL-MICA, v1.0.0 'Roadrunner'
HC046,1, proc_freesurfer, COMPLETED, 01/01, rcruces, yeatman.bic.mni.mcgill.ca, Tue Jun 29 14:38:05 EDT 2021,1307.52, LOCAL-MICA, v1.0.0 'Roadrunner'
HC047,1, proc_freesurfer, COMPLETED, 01/01, rcruces, yeatman.bic.mni.mcgill.ca, Tue Jun 29 14:38:06 EDT 2021,924.06, LOCAL-MICA, v1.0.0 'Roadrunner'
HC048,1, proc_freesurfer, COMPLETED, 01/01, rcruces, yeatman.bic.mni.mcgill.ca, Tue Jun 29 14:38:07 EDT 2021,885.84, LOCAL-MICA, v1.0.0 'Roadrunner'
HC050,1, proc_freesurfer, COMPLETED, 01/01, rcruces, yeatman.bic.mni.mcgill.ca, Tue Jun 29 14:38:08 EDT 2021,806.76, LOCAL-MICA, v1.0.0 'Roadrunner'
HC051,1, proc_freesurfer, COMPLETED, 01/01, rcruces, yeatman.bic.mni.mcgill.ca, Tue Jun 29 14:38:09 EDT 2021,709.38, LOCAL-MICA, v1.0.0 'Roadrunner'
HC052,1, proc_freesurfer, COMPLETED, 01/01, rcruces, yeatman.bic.mni.mcgill.ca, Tue Jun 29 14:38:09 EDT 2021,780.9, LOCAL-MICA, v1.0.0 'Roadrunner'
HC054,1, proc_freesurfer, COMPLETED, 01/01, rcruces, yeatman.bic.mni.mcgill.ca, Tue Jun 29 14:38:10 EDT 2021,934.56, LOCAL-MICA, v1.0.0 'Roadrunner'
HC055,1, proc_freesurfer, COMPLETED, 01/01, rcruces, yeatman.bic.mni.mcgill.ca, Tue Jun 29 14:38:11 EDT 2021,953.28, LOCAL-MICA, v1.0.0 'Roadrunner'
HC056,1, proc_freesurfer, COMPLETED, 01/01, rcruces, yeatman.bic.mni.mcgill.ca, Tue Jun 29 14:38:12 EDT 2021,669.66, LOCAL-MICA, v1.0.0 'Roadrunner'
HC058,1, proc_freesurfer, COMPLETED, 01/01, rcruces, yeatman.bic.mni.mcgill.ca, Tue Jun 29 14:38:13 EDT 2021,765.96, LOCAL-MICA, v1.0.0 'Roadrunner'
HC059,1, proc_freesurfer, COMPLETED, 01/01, rcruces, yeatman.bic.mni.mcgill.ca, Tue Jun 29 14:38:13 EDT 2021,589.62, LOCAL-MICA, v1.0.0 'Roadrunner'
HC060,1, proc_freesurfer, COMPLETED, 01/01, rcruces, yeatman.bic.mni.mcgill.ca, Tue Jun 29 14:38:14 EDT 2021,530.82, LOCAL-MICA, v1.0.0 'Roadrunner'
HC061,1, proc_freesurfer, COMPLETED, 01/01, rcruces, yeatman.bic.mni.mcgill.ca, Tue Jun 29 14:38:15 EDT 2021,717.6, LOCAL-MICA, v1.0.0 'Roadrunner'
HC062,1, proc_freesurfer, COMPLETED, 01/01, rcruces, yeatman.bic.mni.mcgill.ca, Tue Jun 29 14:38:16 EDT 2021,758.58, LOCAL-MICA, v1.0.0 'Roadrunner'
HC063,1, proc_freesurfer, COMPLETED, 01/01, rcruces, yeatman.bic.mni.mcgill.ca, Tue Jun 29 14:38:17 EDT 2021,669.24, LOCAL-MICA, v1.0.0 'Roadrunner'
HC064,1, proc_freesurfer, COMPLETED, 01/01, rcruces, yeatman.bic.mni.mcgill.ca, Tue Jun 29 14:38:17 EDT 2021,711.12, LOCAL-MICA, v1.0.0 'Roadrunner'
HC015,1, proc_rsfmri, COMPLETED, 21/21, jroyer, percy.bic.mni.mcgill.ca, Wed Jun 30 16:17:29 EDT 2021,90.35, qsub-MICA, v1.0.0 'Roadrunner'
HC027,1, proc_rsfmri, COMPLETED, 21/21, jroyer, percy.bic.mni.mcgill.ca, Wed Jun 30 16:20:59 EDT 2021,93.65, qsub-MICA, v1.0.0 'Roadrunner'
HC028,1, proc_rsfmri, COMPLETED, 21/21, jroyer, peto.bic.mni.mcgill.ca, Wed Jun 30 16:21:08 EDT 2021,93.783, qsub-MICA, v1.0.0 'Roadrunner'
HC017,1, proc_rsfmri, COMPLETED, 21/21, jroyer, percy.bic.mni.mcgill.ca, Wed Jun 30 16:24:27 EDT 2021,97.1, qsub-MICA, v1.0.0 'Roadrunner'
HC031,1, proc_rsfmri, COMPLETED, 21/21, jroyer, percy.bic.mni.mcgill.ca, Wed Jun 30 16:26:20 EDT 2021,99, qsub-MICA, v1.0.0 'Roadrunner'
HC030,1, proc_rsfmri, COMPLETED, 21/21, jroyer, venice.bic.mni.mcgill.ca, Wed Jun 30 16:26:27 EDT 2021,98.933, qsub-MICA, v1.0.0 'Roadrunner'
HC009,1, proc_rsfmri, COMPLETED, 21/21, jroyer, venice.bic.mni.mcgill.ca, Wed Jun 30 16:26:33 EDT 2021,99.367, qsub-MICA, v1.0.0 'Roadrunner'
HC016,1, proc_rsfmri, COMPLETED, 21/21, jroyer, peto.bic.mni.mcgill.ca, Wed Jun 30 16:26:45 EDT 2021,99.667, qsub-MICA, v1.0.0 'Roadrunner'
HC013,1, proc_rsfmri, COMPLETED, 21/21, jroyer, montano.bic.mni.mcgill.ca, Wed Jun 30 16:28:44 EDT 2021,99.567, qsub-MICA, v1.0.0 'Roadrunner'
HC032,1, proc_rsfmri, COMPLETED, 21/21, jroyer, peto.bic.mni.mcgill.ca, Wed Jun 30 16:27:19 EDT 2021,99.983, qsub-MICA, v1.0.0 'Roadrunner'
HC034,1, proc_rsfmri, COMPLETED, 21/21, jroyer, valentine.bic.mni.mcgill.ca, Wed Jun 30 16:28:08 EDT 2021,100.783, qsub-MICA, v1.0.0 'Roadrunner'
HC012,1, proc_rsfmri, COMPLETED, 21/21, jroyer, yeatman.bic.mni.mcgill.ca, Wed Jun 30 16:30:06 EDT 2021,103, qsub-MICA, v1.0.0 'Roadrunner'
HC007,1, proc_rsfmri, COMPLETED, 21/21, jroyer, peto.bic.mni.mcgill.ca, Wed Jun 30 16:30:26 EDT 2021,103.333, qsub-MICA, v1.0.0 'Roadrunner'
HC011,1, proc_rsfmri, COMPLETED, 21/21, jroyer, varrius.bic.mni.mcgill.ca, Wed Jun 30 16:32:14 EDT 2021,105.017, qsub-MICA, v1.0.0 'Roadrunner'
HC020,1, proc_rsfmri, COMPLETED, 21/21, jroyer, oncilla.bic.mni.mcgill.ca, Wed Jun 30 16:32:28 EDT 2021,104.833, qsub-MICA, v1.0.0 'Roadrunner'
HC018,1, proc_rsfmri, COMPLETED, 21/21, jroyer, paris.bic.mni.mcgill.ca, Wed Jun 30 16:32:37 EDT 2021,104.933, qsub-MICA, v1.0.0 'Roadrunner'
HC019,1, proc_rsfmri, COMPLETED, 21/21, jroyer, valentine.bic.mni.mcgill.ca, Wed Jun 30 16:35:57 EDT 2021,108.6, qsub-MICA, v1.0.0 'Roadrunner'
HC025,1, proc_rsfmri, COMPLETED, 21/21, jroyer, varrius.bic.mni.mcgill.ca, Wed Jun 30 16:36:34 EDT 2021,108.883, qsub-MICA, v1.0.0 'Roadrunner'
HC037,1, proc_rsfmri, COMPLETED, 21/21, rcruces, fladgate.bic.mni.mcgill.ca, Wed Jun 30 16:37:26 EDT 2021,104.1, qsub-MICA, v1.0.0 'Roadrunner'
HC014,1, proc_rsfmri, COMPLETED, 21/21, jroyer, varro.bic.mni.mcgill.ca, Wed Jun 30 16:39:14 EDT 2021,111.95, qsub-MICA, v1.0.0 'Roadrunner'
HC026,1, proc_rsfmri, COMPLETED, 21/21, jroyer, yeatman.bic.mni.mcgill.ca, Wed Jun 30 16:39:45 EDT 2021,112.383, qsub-MICA, v1.0.0 'Roadrunner'
HC005,1, proc_rsfmri, COMPLETED, 21/21, jroyer, paris.bic.mni.mcgill.ca, Wed Jun 30 16:40:27 EDT 2021,113.2, qsub-MICA, v1.0.0 'Roadrunner'
HC024,1, proc_rsfmri, COMPLETED, 21/21, jroyer, varro.bic.mni.mcgill.ca, Wed Jun 30 16:43:15 EDT 2021,115.567, qsub-MICA, v1.0.0 'Roadrunner'
HC008,1, proc_rsfmri, COMPLETED, 21/21, jroyer, emilia.bic.mni.mcgill.ca, Wed Jun 30 16:44:10 EDT 2021,116.933, qsub-MICA, v1.0.0 'Roadrunner'
HC006,1, proc_rsfmri, COMPLETED, 21/21, jroyer, fladgate.bic.mni.mcgill.ca, Wed Jun 30 16:44:40 EDT 2021,112.833, qsub-MICA, v1.0.0 'Roadrunner'
HC010,1, proc_rsfmri, COMPLETED, 21/21, jroyer, oncilla.bic.mni.mcgill.ca, Wed Jun 30 16:51:29 EDT 2021,124.2, qsub-MICA, v1.0.0 'Roadrunner'
HC045,1, proc_rsfmri, COMPLETED, 21/21, rcruces, percy.bic.mni.mcgill.ca, Wed Jun 30 17:48:40 EDT 2021,87.533, qsub-MICA, v1.0.0 'Roadrunner'
HC052,1, proc_rsfmri, COMPLETED, 21/21, rcruces, percy.bic.mni.mcgill.ca, Wed Jun 30 17:51:23 EDT 2021,86.783, qsub-MICA, v1.0.0 'Roadrunner'
HC041,1, proc_rsfmri, COMPLETED, 21/21, rcruces, percy.bic.mni.mcgill.ca, Wed Jun 30 17:53:50 EDT 2021,96.233, qsub-MICA, v1.0.0 'Roadrunner'
HC060,1, proc_rsfmri, COMPLETED, 21/21, rcruces, percy.bic.mni.mcgill.ca, Wed Jun 30 17:57:50 EDT 2021,91.25, qsub-MICA, v1.0.0 'Roadrunner'
HC048,1, proc_rsfmri, COMPLETED, 21/21, rcruces, peto.bic.mni.mcgill.ca, Wed Jun 30 17:57:59 EDT 2021,96.617, qsub-MICA, v1.0.0 'Roadrunner'
HC042,1, proc_rsfmri, COMPLETED, 21/21, rcruces, peto.bic.mni.mcgill.ca, Wed Jun 30 18:00:00 EDT 2021,92.4, qsub-MICA, v1.0.0 'Roadrunner'
HC063,1, proc_rsfmri, COMPLETED, 21/21, rcruces, peto.bic.mni.mcgill.ca, Wed Jun 30 18:00:10 EDT 2021,93.333, qsub-MICA, v1.0.0 'Roadrunner'
HC054,1, proc_rsfmri, COMPLETED, 21/21, rcruces, peto.bic.mni.mcgill.ca, Wed Jun 30 18:04:17 EDT 2021,93.7, qsub-MICA, v1.0.0 'Roadrunner'
HC056,1, proc_rsfmri, COMPLETED, 21/21, rcruces, venice.bic.mni.mcgill.ca, Wed Jun 30 18:07:48 EDT 2021,101.15, qsub-MICA, v1.0.0 'Roadrunner'
HC035,1, proc_rsfmri, COMPLETED, 21/21, rcruces, venice.bic.mni.mcgill.ca, Wed Jun 30 18:07:51 EDT 2021,101.017, qsub-MICA, v1.0.0 'Roadrunner'
HC061,1, proc_rsfmri, COMPLETED, 21/21, rcruces, oncilla.bic.mni.mcgill.ca, Wed Jun 30 18:10:43 EDT 2021,98.1, qsub-MICA, v1.0.0 'Roadrunner'
HC036,1, proc_rsfmri, COMPLETED, 21/21, rcruces, valentine.bic.mni.mcgill.ca, Wed Jun 30 18:11:16 EDT 2021,95.183, qsub-MICA, v1.0.0 'Roadrunner'
HC046,1, proc_rsfmri, COMPLETED, 21/21, rcruces, valentine.bic.mni.mcgill.ca, Wed Jun 30 18:15:24 EDT 2021,107, qsub-MICA, v1.0.0 'Roadrunner'
HC051,1, proc_rsfmri, COMPLETED, 21/21, rcruces, paris.bic.mni.mcgill.ca, Wed Jun 30 18:17:59 EDT 2021,97.367, qsub-MICA, v1.0.0 'Roadrunner'
HC064,1, proc_rsfmri, COMPLETED, 21/21, rcruces, paris.bic.mni.mcgill.ca, Wed Jun 30 18:20:48 EDT 2021,107.95, qsub-MICA, v1.0.0 'Roadrunner'
HC058,1, proc_rsfmri, COMPLETED, 21/21, rcruces, varrius.bic.mni.mcgill.ca, Wed Jun 30 18:20:51 EDT 2021,108.5, qsub-MICA, v1.0.0 'Roadrunner'
HC040,1, proc_rsfmri, COMPLETED, 21/21, rcruces, varrius.bic.mni.mcgill.ca, Wed Jun 30 18:21:54 EDT 2021,105.033, qsub-MICA, v1.0.0 'Roadrunner'
HC043,1, proc_rsfmri, COMPLETED, 21/21, rcruces, varro.bic.mni.mcgill.ca, Wed Jun 30 18:22:03 EDT 2021,102.683, qsub-MICA, v1.0.0 'Roadrunner'
HC055,1, proc_rsfmri, COMPLETED, 21/21, rcruces, varro.bic.mni.mcgill.ca, Wed Jun 30 18:35:18 EDT 2021,111.967, qsub-MICA, v1.0.0 'Roadrunner'
HC062,1, proc_rsfmri, COMPLETED, 21/21, rcruces, percy.bic.mni.mcgill.ca, Wed Jun 30 19:21:19 EDT 2021,89.717, qsub-MICA, v1.0.0 'Roadrunner'
HC059,1, proc_rsfmri, COMPLETED, 21/21, jroyer, percy.bic.mni.mcgill.ca, Wed Jun 30 21:57:25 EDT 2021,90.267, qsub-MICA, v1.0.0 'Roadrunner'
HC039,1, proc_rsfmri, COMPLETED, 21/21, jroyer, paris.bic.mni.mcgill.ca, Wed Jun 30 22:00:49 EDT 2021,94.383, qsub-MICA, v1.0.0 'Roadrunner'
HC050,1, proc_rsfmri, COMPLETED, 21/21, jroyer, percy.bic.mni.mcgill.ca, Thu Jul  1 11:12:03 EDT 2021,90.883, qsub-MICA, v1.0.0 'Roadrunner'
HC047,1, proc_rsfmri, COMPLETED, 21/21, jroyer, paris.bic.mni.mcgill.ca, Thu Jul  1 11:24:41 EDT 2021,105.517, qsub-MICA, v1.0.0 'Roadrunner'